"STATION","NAME","LATITUDE","LONGITUDE","ELEVATION","DATE","AWND","CDSD","DSND","DSNW","EMNT","EMSD","EMSN","EMXP","EMXT","HDSD","PRCP","PSUN","SNOW","TAVG","TMAX","TMIN","TSUN","WDF1","WDF2","WDF5","WDFG","WDFM","WSF1","WSF2","WSF5","WSFG","WSFM"
"USW00094728","NY CITY CENTRAL PARK, NY US","40.77898","-73.96925","42.7","1980-01",,"0","2","1","17","1","2.0","0.81","60","2399","1.72",,"2.0","33.7","39.4","28.0",,,,,,"180",,,,,"36.9"
"USW00094728","NY CITY CENTRAL PARK, NY US","40.77898","-73.96925","42.7","1980-02",,"0","2","2","12","2","1.6","0.74","57","3374","1.04",,"2.7","31.4","37.9","24.8",,,,,,"293",,,,,"38.9"
"USW00094728","NY CITY CENTRAL PARK, NY US","40.77898","-73.96925","42.7","1980-03",,"0","2","2","10","2","3.6","2.21","59","4113","10.41",,"4.6","41.2","48.5","33.9",,,,,,"135",,,,,"46.1"
"USW00094728","NY CITY CENTRAL PARK, NY US","40.77898","-73.96925","42.7","1980-04",,"1","0","0","32","0","0.0","3.42","76","4429","8.27",,"0.0","54.5","62.7","46.3",,,,,,"315",,,,,"36.0"
"USW00094728","NY CITY CENTRAL PARK, NY US","40.77898","-73.96925","42.7","1980-05",,"89","0","0","46","0","0.0","0.72","90","4498","2.33",,"0.0","65.6","74.6","56.6",,,,,,"293",,,,,"33.1"
"USW00094728","NY CITY CENTRAL PARK, NY US","40.77898","-73.96925","42.7","1980-06",,"271","0","0","47","0","0.0","1.08","94","4521","3.85",,"0.0","70.3","79.2","61.4",,,,,,"315",,,,,"34.9"
"USW00094728","NY CITY CENTRAL PARK, NY US","40.77898","-73.96925","42.7","1980-07",,"715","0","0","61","0","0.0","3.47","102","0","5.27",,"0.0","79.3","87.6","71.0",,,,,,"248",,,,,"42.9"
"USW00094728","NY CITY CENTRAL PARK, NY US","40.77898","-73.96925","42.7","1980-08",,"1187","0","0","64","0","0.0","0.45","97","0","1.16",,"0.0","80.3","88.3","72.2",,,,,,"293",,,,,"31.1"
"USW00094728","NY CITY CENTRAL PARK, NY US","40.77898","-73.96925","42.7","1980-09",,"1395","0","0","45","0","0.0","0.91","96","33","1.98",,"0.0","70.8","79.2","62.4",,,,,,"293",,,,,"29.1"
"USW00094728","NY CITY CENTRAL PARK, NY US","40.77898","-73.96925","42.7","1980-10",,"1405","0","0","37","0","0.0","1.76","79","347","3.86",,"0.0","55.2","62.6","47.8",,,,,,"135",,,,,"46.1"
"USW00094728","NY CITY CENTRAL PARK, NY US","40.77898","-73.96925","42.7","1980-11",,"1405","0","0","28","0","0.0","1.68","71","958","4.12",,"0.0","44.6","51.2","38.0",,,,,,"315",,,,,"51.0"
"USW00094728","NY CITY CENTRAL PARK, NY US","40.77898","-73.96925","42.7","1980-12",,"1405","1","2","-1","1","1.1","0.18","64","1968","0.59",,"2.8","32.4","39.9","25.0",,,,,,"315",,,,,"47.0"
"USW00094728","NY CITY CENTRAL PARK, NY US","40.77898","-73.96925","42.7","1981-01",,"0","20","3","2","5","4.1","0.41","49","3171","0.58",,"8.0","26.2","32.3","20.1",,,,,,"315",,,,,"36.9"
"USW00094728","NY CITY CENTRAL PARK, NY US","40.77898","-73.96925","42.7","1981-02",,"0","0","0","8","0","0.0","1.77","68","3891","6.05",,"0.0","39.3","46.3","32.3",,,,,,"315",,,,,"34.9"
"USW00094728","NY CITY CENTRAL PARK, NY US","40.77898","-73.96925","42.7","1981-03",,"0","2","1","17","6","8.6","0.65","77","4598","1.19",,"8.6","42.2","49.4","35.0",,,,,,"315",,,,,"44.1"
"USW00094728","NY CITY CENTRAL PARK, NY US","40.77898","-73.96925","42.7","1981-04",,"3","0","0","33","0","0.0","0.87","81","4867","3.42","49.4","0.0","56.1","65.1","47.2","11778",,,,,"315",,,,,"47.0"
"USW00094728","NY CITY CENTRAL PARK, NY US","40.77898","-73.96925","42.7","1981-05",,"79","0","0","44","0","0.0","1.67","87","4950","3.56","58.4","0.0","64.8","73.7","55.9","15720",,,,,"180",,,,,"30.0"
"USW00094728","NY CITY CENTRAL PARK, NY US","40.77898","-73.96925","42.7","1981-06",,"322","0","0","58","0","0.0","0.72","93","4953","2.71","52.4","0.0","73.0","80.7","65.3","14166",,,,,"270",,,,,"38.0"
"USW00094728","NY CITY CENTRAL PARK, NY US","40.77898","-73.96925","42.7","1981-07",,"739","0","0","62","0","0.0","1.76","96","0","6.21","68.0","0.0","78.5","86.3","70.6","18690",,,,,"315",,,,,"31.1"
"USW00094728","NY CITY CENTRAL PARK, NY US","40.77898","-73.96925","42.7","1981-08",,"1079","0","0","59","0","0.0","0.28","92","0","0.59","48.0","0.0","76.0","83.8","68.1","12360",,,,,"45",,,,,"34.9"
"USW00094728","NY CITY CENTRAL PARK, NY US","40.77898","-73.96925","42.7","1981-09",,"1206","0","0","47","0","0.0","1.55","89","51","3.45","44.4","0.0","67.5","74.5","60.6","9948",,,,,"315",,,,,"36.0"
"USW00094728","NY CITY CENTRAL PARK, NY US","40.77898","-73.96925","42.7","1981-10",,"1206","0","0","38","0","0.0","0.95","71","378","3.48","43.7","0.0","54.4","61.6","47.2","9078",,,,,"293",,,,,"36.9"
"USW00094728","NY CITY CENTRAL PARK, NY US","40.77898","-73.96925","42.7","1981-11",,"1206","0","0","29","0","0.0","0.81","72","898","1.70",,"0.0","47.7","53.3","42.1",,,,,,,,,,,
"USW00094728","NY CITY CENTRAL PARK, NY US","40.77898","-73.96925","42.7","1981-12",,"1206","0","1","20","0","1.4","1.34","58","1781","5.18",,"2.1","36.5","40.9","32.1",,,,,,,,,,,
"USW00094728","NY CITY CENTRAL PARK, NY US","40.77898","-73.96925","42.7","1982-01",,"0","16","3","0","6","5.8","2.73","58","2988","6.46",,"11.8","26.1","32.5","19.7",,,,,,,,,,,
"USW00094728","NY CITY CENTRAL PARK, NY US","40.77898","-73.96925","42.7","1982-02",,"0","0","0","19","0","0.3","1.15","58","3818","2.37",,"0.4","35.3","41.6","29.0",,,,,,,,,,,
"USW00094728","NY CITY CENTRAL PARK, NY US","40.77898","-73.96925","42.7","1982-03",,"0","0","0","22","0","0.7","0.81","60","4535","2.56",,"0.7","41.9","48.5","35.3",,,,,,,,,,,
"USW00094728","NY CITY CENTRAL PARK, NY US","40.77898","-73.96925","42.7","1982-04",,"6","5","1","21","9","9.6","1.86","82","4955","5.67",,"9.6","51.2","60.4","42.0",,,,,,,,,,,
"USW00094728","NY CITY CENTRAL PARK, NY US","40.77898","-73.96925","42.7","1982-05",,"57","0","0","49","0","0.0","0.68","84","5035","2.43",,"0.0","64.1","72.1","56.1",,,,,,,,,,,
"USW00094728","NY CITY CENTRAL PARK, NY US","40.77898","-73.96925","42.7","1982-06",,"203","0","0","52","0","0.0","1.65","87","5074","5.12",,"0.0","68.6","75.5","61.7",,,,,,,,,,,
"USW00094728","NY CITY CENTRAL PARK, NY US","40.77898","-73.96925","42.7","1982-07",,"603","0","0","60","0","0.0","2.18","98","0","3.15",,"0.0","77.9","86.1","69.7",,,,,,,,,,,
"USW00094728","NY CITY CENTRAL PARK, NY US","40.77898","-73.96925","42.7","1982-08",,"860","0","0","50","0","0.0","1.86","89","6","4.66",,"0.0","73.1","81.0","65.2",,,,,,,,,,,
"USW00094728","NY CITY CENTRAL PARK, NY US","40.77898","-73.96925","42.7","1982-09",,"985","0","0","54","0","0.0","0.43","88","31","1.77",,"0.0","68.3","75.5","61.1",,,,,,,,,,,
"USW00094728","NY CITY CENTRAL PARK, NY US","40.77898","-73.96925","42.7","1982-10",,"1019","0","0","38","0","0.0","1.23","81","266","2.31",,"0.0","58.5","65.9","51.2",,,,,,,,,,,
"USW00094728","NY CITY CENTRAL PARK, NY US","40.77898","-73.96925","42.7","1982-11",,"1034","0","0","27","0","0.0","1.61","79","720","3.44",,"0.0","50.4","57.5","43.2",,,,,,,,,,,
"USW00094728","NY CITY CENTRAL PARK, NY US","40.77898","-73.96925","42.7","1982-12",,"1034","3","1","17","3","3.0","0.45","72","1411","1.47",,"3.0","42.7","48.7","36.8",,,,,,,,,,,
"USW00094728","NY CITY CENTRAL PARK, NY US","40.77898","-73.96925","42.7","1983-01",,"0","2","1","12","2","1.0","1.68","58","2357","5.01",,"1.9","34.5","39.6","29.4",,,,,,,,,,,
"USW00094728","NY CITY CENTRAL PARK, NY US","40.77898","-73.96925","42.7","1983-02",,"0","14","4","14","19","12.5","1.25","59","3157","3.22",,"21.6","36.4","42.5","30.3",,,,,,,,,,,
"USW00094728","NY CITY CENTRAL PARK, NY US","40.77898","-73.96925","42.7","1983-03",,"0","0","0","25","0","0.0","3.10","68","3809","10.54",,"0.0","44.0","50.3","37.7",,,,,,,,,,,
"USW00094728","NY CITY CENTRAL PARK, NY US","40.77898","-73.96925","42.7","1983-04",,"17","0","0","34","0","0.8","4.31","85","4208","14.02",,"0.8","52.3","59.3","45.2",,,,,,,,,,,
"USW00094728","NY CITY CENTRAL PARK, NY US","40.77898","-73.96925","42.7","1983-05",,"33","0","0","41","0","0.0","1.11","79","4374","4.61",,"0.0","60.1","68.1","52.2",,,,,,,,,,,
"USW00094728","NY CITY CENTRAL PARK, NY US","40.77898","-73.96925","42.7","1983-06",,"287","0","0","52","0","0.0","1.46","95","4378","2.82",,"0.0","73.4","82.5","64.3",,,,,,,,,,,
"USW00094728","NY CITY CENTRAL PARK, NY US","40.77898","-73.96925","42.7","1983-07",,"737","0","0","61","0","0.0","2.26","98","0","3.39",,"0.0","79.5","88.7","70.3",,,,,,,,,,,
"USW00094728","NY CITY CENTRAL PARK, NY US","40.77898","-73.96925","42.7","1983-08",,"1131","0","0","59","0","0.0","2.79","96","0","7.26",,"0.0","77.7","85.8","69.6",,,,,,,,,,,
"USW00094728","NY CITY CENTRAL PARK, NY US","40.77898","-73.96925","42.7","1983-09",,"1369","0","0","49","0","0.0","2.64","99","35","4.62",,"0.0","71.8","80.5","63.0",,,,,,,,,,,
"USW00094728","NY CITY CENTRAL PARK, NY US","40.77898","-73.96925","42.7","1983-10",,"1402","0","0","36","0","0.0","3.40","84","290","8.63",,"0.0","57.8","64.9","50.8",,"280",,,"315",,"21.0",,,"34.4",
"USW00094728","NY CITY CENTRAL PARK, NY US","40.77898","-73.96925","42.7","1983-11",,"1402","0","0","32","0","0.0","1.43","69","775","6.69",,"0.0","48.8","55.4","42.3",,"290",,,,,"23.0",,,,
"USW00094728","NY CITY CENTRAL PARK, NY US","40.77898","-73.96925","42.7","1983-12",,"1402","2","0","4","1","0.8","2.18","59","1701","9.77",,"1.6","35.1","41.3","29.0",,"260",,,"158",,"25.1",,,"49.4",
"USW00094728","NY CITY CENTRAL PARK, NY US","40.77898","-73.96925","42.7","1984-01","9.6","0","15","3","8","6","4.2","0.60","57","2790","1.87",,"11.7","29.8","35.1","24.6",,"320",,,"315",,"23.0",,,"35.6",
"USW00094728","NY CITY CENTRAL PARK, NY US","40.77898","-73.96925","42.7","1984-02","9.6","0","0","0","17","0","0.2","1.73","63","3497","4.86",,"0.2","40.6","46.8","34.4",,"30",,,"45",,"28.0",,,"50.6",
"USW00094728","NY CITY CENTRAL PARK, NY US","40.77898","-73.96925","42.7","1984-03","11.0","0","7","5","13","7","5.1","2.31","58","4376","6.31",,"12.0","36.7","43.2","30.1",,"40",,,"45",,"34.9",,,"63.3",
"USW00094728","NY CITY CENTRAL PARK, NY US","40.77898","-73.96925","42.7","1984-04","9.8","2","0","0","35","0","0.0","2.76","78","4772","6.62",,"0.0","51.9","59.5","44.2",,"50",,,"135",,"23.9",,,"46.1",
"USW00094728","NY CITY CENTRAL PARK, NY US","40.77898","-73.96925","42.7","1984-05","8.5","39","0","0","43","0","0.0","2.19","85","4913","9.74",,"0.0","61.6","69.5","53.7",,"290",,,"293",,"21.9",,,"42.5",
"USW00094728","NY CITY CENTRAL PARK, NY US","40.77898","-73.96925","42.7","1984-06","7.6","334","0","0","49","0","0.0","3.07","96","4923","5.76",,"0.0","74.5","82.6","66.3",,"170",,,"180",,"17.9",,,"36.7",
"USW00094728","NY CITY CENTRAL PARK, NY US","40.77898","-73.96925","42.7","1984-07","6.9","633","0","0","59","0","0.0","3.13","91","0","7.04",,"0.0","74.7","81.2","68.1",,"210",,,"225",,"17.0",,,"34.4",
"USW00094728","NY CITY CENTRAL PARK, NY US","40.77898","-73.96925","42.7","1984-08",,"994","0","0","60","0","0.0","0.37","92","0","1.38",,"0.0","76.6","83.6","69.7",,"230",,,"338",,"16.1",,,"32.2",
"USW00094728","NY CITY CENTRAL PARK, NY US","40.77898","-73.96925","42.7","1984-09",,"1095","0","0","44","0","0.0","1.20","86","73","2.52",,"0.0","65.9","74.0","57.8",,"300",,,"293",,"16.1",,,"32.2",
"USW00094728","NY CITY CENTRAL PARK, NY US","40.77898","-73.96925","42.7","1984-10",,"1118","0","0","41","0","0.0","1.45","79","196","3.63",,"0.0","61.8","68.5","55.1",,"40",,,"45",,"17.9",,,"33.3",
"USW00094728","NY CITY CENTRAL PARK, NY US","40.77898","-73.96925","42.7","1984-11",,"1118","0","0","25","0","0.0","1.94","69","729","4.07",,"0.0","47.2","54.6","39.9",,"290",,,"293",,"19.9",,,"43.6",
"USW00094728","NY CITY CENTRAL PARK, NY US","40.77898","-73.96925","42.7","1984-12",,"1118","1","1","25","2","4.8","0.96","70","1389","3.26",,"5.5","43.7","50.0","37.5",,"290",,,"270",,"25.9",,,"33.3",
"USW00094728","NY CITY CENTRAL PARK, NY US","40.77898","-73.96925","42.7","1985-01",,"0","9","2","-2","4","4.1","0.30","58","2512","1.00",,"8.4","28.8","34.6","23.0",,"310",,,"225",,"23.0",,,"36.7",
"USW00094728","NY CITY CENTRAL PARK, NY US","40.77898","-73.96925","42.7","1985-02",,"0","12","3","14","7","4.3","1.09","75","3308","2.41",,"10.0","36.6","43.0","30.1",,"310",,,"270",,"25.9",,,"48.3",
"USW00094728","NY CITY CENTRAL PARK, NY US","40.77898","-73.96925","42.7","1985-03",,"7","0","0","22","0","0.2","0.49","82","3912","1.91",,"0.2","45.8","54.9","36.6",,"310",,,"270",,"21.0",,,"38.0",
"USW00094728","NY CITY CENTRAL PARK, NY US","40.77898","-73.96925","42.7","1985-04",,"33","0","0","28","0","0.0","0.39","88","4223","1.42",,"0.0","55.5","64.4","46.6",,"310",,,"270",,"19.9",,,"35.6",
"USW00094728","NY CITY CENTRAL PARK, NY US","40.77898","-73.96925","42.7","1985-05",,"123","0","0","43","0","0.0","1.66","87","4306","5.72",,"0.0","65.2","74.4","56.0",,"50",,,"360",,"21.0",,,"32.2",
"USW00094728","NY CITY CENTRAL PARK, NY US","40.77898","-73.96925","42.7","1985-06",,"256","0","0","55","0","0.0","1.19","85","4331","4.41",,"0.0","68.6","75.8","61.3",,"290",,,"293",,"25.1",,,"32.2",
"USW00094728","NY CITY CENTRAL PARK, NY US","40.77898","-73.96925","42.7","1985-07",,"602","0","0","61","0","0.0","2.09","92","0","4.41",,"0.0","76.2","84.0","68.3",,"190",,,"270",,"17.0",,,"30.0",
"USW00094728","NY CITY CENTRAL PARK, NY US","40.77898","-73.96925","42.7","1985-08",,"924","0","0","62","0","0.0","0.88","95","0","2.58",,"0.0","75.4","82.4","68.4",,"20",,,"23",,"16.1",,,"26.4",
"USW00094728","NY CITY CENTRAL PARK, NY US","40.77898","-73.96925","42.7","1985-09",,"1106","0","0","49","0","0.0","3.13","94","19","4.75",,"0.0","70.4","78.4","62.5",,"270",,,"270",,"23.0",,,"51.7",
"USW00094728","NY CITY CENTRAL PARK, NY US","40.77898","-73.96925","42.7","1985-10",,"1127","0","0","36","0","0.0","0.78","80","212","1.30",,"0.0","59.4","67.0","51.9",,"150",,,"270",,"17.9",,,"30.0",
"USW00094728","NY CITY CENTRAL PARK, NY US","40.77898","-73.96925","42.7","1985-11",,"1131","0","0","33","0","0.0","2.39","77","666","8.09",,"0.0","50.0","55.8","44.2",,"50",,,,,"21.9",,,"35.6",
"USW00094728","NY CITY CENTRAL PARK, NY US","40.77898","-73.96925","42.7","1985-12",,"1131","0","0","15","0","0.4","0.27","55","1621","0.84",,"0.9","34.2","40.1","28.3",,"290",,,"270",,"28.0",,,"40.3",
"USW00094728","NY CITY CENTRAL PARK, NY US","40.77898","-73.96925","42.7","1986-01",,"0","3","1","8","1","1.4","2.19","63","2578","4.23",,"2.2","34.1","40.9","27.4",,"290",,,"293",,"21.0",,,"34.4",
"USW00094728","NY CITY CENTRAL PARK, NY US","40.77898","-73.96925","42.7","1986-02",,"0","7","2","18","6","4.5","0.84","48","3504","2.86",,"9.9","31.9","36.9","27.0","7438","290",,,"293",,"21.9",,,"34.4",
"USW00094728","NY CITY CENTRAL PARK, NY US","40.77898","-73.96925","42.7","1986-03",,"4","0","0","15","0","0.0","0.65","78","4126","1.46",,"0.0","45.1","53.9","36.2","13866","270",,,"293",,"23.0",,,"40.3",
"USW00094728","NY CITY CENTRAL PARK, NY US","40.77898","-73.96925","42.7","1986-04",,"8","0","0","35","0","0.0","1.91","82","4445","3.94",,"0.0","54.5","62.5","46.4","10080","50",,,"45",,"25.9",,,"43.6",
"USW00094728","NY CITY CENTRAL PARK, NY US","40.77898","-73.96925","42.7","1986-05",,"132","0","0","41","0","0.0","0.75","94","4538","1.69",,"0.0","66.0","75.7","56.3","15575","300",,,"293",,"19.9",,,"32.2",
"USW00094728","NY CITY CENTRAL PARK, NY US","40.77898","-73.96925","42.7","1986-06",,"339","0","0","49","0","0.0","0.91","91","4549","1.86",,"0.0","71.5","80.8","62.3","14245","220",,,"293",,"19.9",,,"32.2",
"USW00094728","NY CITY CENTRAL PARK, NY US","40.77898","-73.96925","42.7","1986-07",,"680","0","0","55","0","0.0","0.97","98","0","5.56",,"0.0","76.0","84.1","67.9","11639","350",,,"180",,"29.1",,,"36.7",
"USW00094728","NY CITY CENTRAL PARK, NY US","40.77898","-73.96925","42.7","1986-08",,"942","0","0","50","0","0.0","1.20","89","11","4.25",,"0.0","73.1","81.1","65.1","16236","300",,,"180",,"21.0",,,"42.5",
"USW00094728","NY CITY CENTRAL PARK, NY US","40.77898","-73.96925","42.7","1986-09",,"1057","0","0","45","0","0.0","0.95","89","41","2.20",,"0.0","67.8","76.0","59.6","10272","310",,,"315",,"17.0",,,"33.3",
"USW00094728","NY CITY CENTRAL PARK, NY US","40.77898","-73.96925","42.7","1986-10",,"1082","0","0","38","0","0.0","0.68","84","284","1.92",,"0.0","58.0","66.0","50.0","12479","50",,,"45",,"25.1",,,"36.7",
"USW00094728","NY CITY CENTRAL PARK, NY US","40.77898","-73.96925","42.7","1986-11",,"1082","0","0","22","0","0.0","1.72","73","863","6.85",,"0.0","45.7","53.1","38.3","6983","300",,,"293",,"21.0",,,"35.6",
"USW00094728","NY CITY CENTRAL PARK, NY US","40.77898","-73.96925","42.7","1986-12",,"1082","1","0","19","1","0.6","1.62","59","1669","6.16",,"0.6","39.0","44.4","33.6","7957",,,,"68",,,,,"34.4",
"USW00094728","NY CITY CENTRAL PARK, NY US","40.77898","-73.96925","42.7","1987-01",,"0","11","3","8","9","8.1","1.68","57","2683","5.81",,"13.6","32.3","37.5","27.1","8162","300",,,"270",,"23.0",,,"42.5",
"USW00094728","NY CITY CENTRAL PARK, NY US","40.77898","-73.96925","42.7","1987-02",,"0","15","2","4","4","4.2","0.50","52","3573","1.01",,"7.0","33.2","40.8","25.6","13729","310",,,"360",,"21.9",,,"42.5",
"USW00094728","NY CITY CENTRAL PARK, NY US","40.77898","-73.96925","42.7","1987-03",,"0","1","1","15","2","1.6","2.36","76","4190","4.93",,"1.9","45.1","53.9","36.4","14925","20",,,"180",,"21.9",,,"42.5",
"USW00094728","NY CITY CENTRAL PARK, NY US","40.77898","-73.96925","42.7","1987-04",,"4","0","0","31","0","0.0","1.99","77","4543","5.90",,"0.0","53.4","61.0","45.8","10383","90",,,"90",,"23.9",,,"42.5",
"USW00094728","NY CITY CENTRAL PARK, NY US","40.77898","-73.96925","42.7","1987-05",,"111","0","0","43","0","0.0","0.41","97","4693","1.45",,"0.0","63.6","73.1","54.0","13682","40",,,"45",,"21.0",,,"30.0",
"USW00094728","NY CITY CENTRAL PARK, NY US","40.77898","-73.96925","42.7","1987-06",,"354","0","0","56","0","0.0","1.35","96","4702","3.94",,"0.0","72.8","81.3","64.3","15821","220",,,"248",,"16.1",,,"40.3",
"USW00094728","NY CITY CENTRAL PARK, NY US","40.77898","-73.96925","42.7","1987-07",,"755","0","0","60","0","0.0","1.10","95","0","4.12",,"0.0","77.9","86.6","69.3","17330","300",,,"45",,"16.1",,,"26.4",
"USW00094728","NY CITY CENTRAL PARK, NY US","40.77898","-73.96925","42.7","1987-08",,"1043","0","0","56","0","0.0","1.04","94","3","4.90",,"0.0","74.2","82.8","65.6","16776","80",,,,,"16.1",,,"26.4",
"USW00094728","NY CITY CENTRAL PARK, NY US","40.77898","-73.96925","42.7","1987-09",,"1155","0","0","49","0","0.0","1.25","85","34","5.26",,"0.0","67.7","75.1","60.3","10697","40",,,"45",,"21.0",,,"31.1",
"USW00094728","NY CITY CENTRAL PARK, NY US","40.77898","-73.96925","42.7","1987-10",,"1155","0","0","37","0","0.0","1.44","72","381","3.89",,"0.0","53.8","62.5","45.1","14948","300",,,"135",,"19.9",,,"32.2",
"USW00094728","NY CITY CENTRAL PARK, NY US","40.77898","-73.96925","42.7","1987-11",,"1156","1","1","18","1","1.1","1.26","77","901","3.08",,"1.1","47.7","55.3","40.1","10084","310",,,"315",,"23.9",,,"43.6",
"USW00094728","NY CITY CENTRAL PARK, NY US","40.77898","-73.96925","42.7","1987-12",,"1156","3","1","8","3","2.6","0.90","60","1691","2.17",,"2.6","39.5","45.3","33.7","9797","290",,,"293",,"23.9",,,"38.0",
"USW00094728","NY CITY CENTRAL PARK, NY US","40.77898","-73.96925","42.7","1988-01",,"0","20","4","5","9","5.2","0.80","53","2792","3.65",,"13.9","29.5","35.8","23.2","11340","290",,,"270",,"25.1",,,"40.3",
"USW00094728","NY CITY CENTRAL PARK, NY US","40.77898","-73.96925","42.7","1988-02",,"0","3","0","9","1","0.9","1.53","62","3663","3.91",,"1.5","35.0","41.9","28.0","11687","50",,,"45",,"28.0",,,"44.7",
"USW00094728","NY CITY CENTRAL PARK, NY US","40.77898","-73.96925","42.7","1988-03",,"0","0","0","17","0","0.0","0.91","76","4327","2.10",,"0.0","43.6","52.2","35.0","15229","300",,,"270",,"21.9",,,"41.4",
"USW00094728","NY CITY CENTRAL PARK, NY US","40.77898","-73.96925","42.7","1988-04",,"0","0","0","35","0","0.0","0.59","73","4743","2.20",,"0.0","51.2","59.3","43.0","12626","310",,,"293",,"23.9",,,"41.4",
"USW00094728","NY CITY CENTRAL PARK, NY US","40.77898","-73.96925","42.7","1988-05",,"63","0","0","44","0","0.0","1.80","91","4880","5.27",,"0.0","62.6","71.3","53.9","15304","60",,,"180",,"17.9",,,"40.3",
"USW00094728","NY CITY CENTRAL PARK, NY US","40.77898","-73.96925","42.7","1988-06",,"300","0","0","50","0","0.0","0.40","98","4912","1.29",,"0.0","71.8","82.1","61.5","20789","300",,,"293",,"17.9",,,"32.2",
"USW00094728","NY CITY CENTRAL PARK, NY US","40.77898","-73.96925","42.7","1988-07",,"747","0","0","53","0","0.0","1.71","99","3","8.15",,"0.0","79.3","88.8","69.8","18597","300",,,"248",,"17.0",,,"36.7",
"USW00094728","NY CITY CENTRAL PARK, NY US","40.77898","-73.96925","42.7","1988-08",,"1175","0","0","56","0","0.0","1.60","99","3","2.19",,"0.0","78.8","87.0","70.5","20058",,,,"158",,,,,"34.4",
"USW00094728","NY CITY CENTRAL PARK, NY US","40.77898","-73.96925","42.7","1988-09",,"1273","0","0","49","0","0.0","1.25","84","28","2.35",,"0.0","67.4","76.3","58.5","15776","40",,,"45",,"19.9",,,"31.1",
"USW00094728","NY CITY CENTRAL PARK, NY US","40.77898","-73.96925","42.7","1988-10",,"1285","0","0","31","0","0.0","1.53","79","420","3.56",,"0.0","52.7","60.3","45.2","11893","50",,,"45",,"25.1",,,"46.1",
"USW00094728","NY CITY CENTRAL PARK, NY US","40.77898","-73.96925","42.7","1988-11",,"1285","0","0","32","0","0.0","3.37","67","888","8.90",,"0.0","49.4","56.5","42.2","9569","300",,,"270",,"29.1",,,"43.6",
"USW00094728","NY CITY CENTRAL PARK, NY US","40.77898","-73.96925","42.7","1988-12",,"1285","0","0","5","0","0.3","0.38","60","1790","1.13",,"0.3","35.9","42.9","28.9","9942","300",,,"270",,"29.1",,,"50.6",
"USW00094728","NY CITY CENTRAL PARK, NY US","40.77898","-73.96925","42.7","1989-01",,"0","2","1","11","5","5.0","0.60","61","2647","2.30",,"5.0","37.4","44.0","30.7","9467","310",,,"315",,"25.1",,,"42.5",
"USW00094728","NY CITY CENTRAL PARK, NY US","40.77898","-73.96925","42.7","1989-02",,"0","0","0","15","0","0.3","1.49","67","3501","3.02",,"0.3","34.5","41.2","27.8","6893","350",,,"360",,"21.9",,,"38.0",
"USW00094728","NY CITY CENTRAL PARK, NY US","40.77898","-73.96925","42.7","1989-03",,"4","3","1","13","3","2.5","2.05","82","4206","4.93",,"2.5","42.4","50.8","34.0","12842","40",,,"45",,"25.9",,,"46.1",
"USW00094728","NY CITY CENTRAL PARK, NY US","40.77898","-73.96925","42.7","1989-04",,"4","0","0","34","0","0.0","1.41","77","4592","4.26",,"0.0","52.1","61.4","42.9","13298","290",,,"315",,"21.0",,,"43.6",
"USW00094728","NY CITY CENTRAL PARK, NY US","40.77898","-73.96925","42.7","1989-05",,"60","0","0","43","0","0.0","2.30","86","4739","10.24",,"0.0","62.1","70.5","53.6","12133","180",,,"68",,"23.9",,,"43.6",
"USW00094728","NY CITY CENTRAL PARK, NY US","40.77898","-73.96925","42.7","1989-06",,"286","0","0","58","0","0.0","2.55","92","4754","8.79",,"0.0","72.0","80.1","63.9","12595","300",,,"315",,"19.9",,,"34.4",
"USW00094728","NY CITY CENTRAL PARK, NY US","40.77898","-73.96925","42.7","1989-07",,"593","0","0","60","0","0.0","2.05","96","0","5.13",,"0.0","74.9","83.4","66.5","15034","270",,,"225",,"17.9",,,"34.4",
"USW00094728","NY CITY CENTRAL PARK, NY US","40.77898","-73.96925","42.7","1989-08",,"873","0","0","56","0","0.0","3.00","94","1","8.44",,"0.0","74.0","82.0","66.0","12581","40",,,"315",,"17.0",,,"31.1",
"USW00094728","NY CITY CENTRAL PARK, NY US","40.77898","-73.96925","42.7","1989-09",,"1021","0","0","44","0","0.0","2.32","94","57","6.90",,"0.0","68.1","76.2","59.9","11109","320",,,"180",,"17.9",,,"33.3",
"USW00094728","NY CITY CENTRAL PARK, NY US","40.77898","-73.96925","42.7","1989-10",,"1028","0","0","40","0","0.0","2.78","77","277","7.48",,"0.0","58.1","66.8","49.5","12534","50",,,"45",,"23.0",,,"40.3",
"USW00094728","NY CITY CENTRAL PARK, NY US","40.77898","-73.96925","42.7","1989-11",,"1028","4","1","23","5","4.4","0.64","70","857","2.79",,"4.7","45.7","53.0","38.4","8547","310",,,"315",,"29.1",,,"57.5",
"USW00094728","NY CITY CENTRAL PARK, NY US","40.77898","-73.96925","42.7","1989-12",,"1028","2","0","6","1","0.7","0.52","53","2071","0.83",,"1.4","25.8","32.6","19.1","9906","270",,,"315",,"25.1",,,"43.6",
"USW00094728","NY CITY CENTRAL PARK, NY US","40.77898","-73.96925","42.7","1990-01",,"0","1","1","24","1","1.0","1.11","66","2804","5.35",,"1.8","41.4","47.6","35.1","9018","270",,,"315",,"23.0",,,"42.5",
"USW00094728","NY CITY CENTRAL PARK, NY US","40.77898","-73.96925","42.7","1990-02",,"0","3","1","7","2","1.8","0.83","65","3512","2.33",,"1.8","39.7","48.5","31.0","9705","310",,,"315",,"23.9",,,"42.5",
"USW00094728","NY CITY CENTRAL PARK, NY US","40.77898","-73.96925","42.7","1990-03",,"4","3","1","13","3","3.1","1.05","85","4133","3.64",,"3.1","45.1","54.2","35.9","13935","280",,,"45",,"21.9",,,"34.4",
"USW00094728","NY CITY CENTRAL PARK, NY US","40.77898","-73.96925","42.7","1990-04",,"28","1","0","33","1","0.6","1.47","91","4503","5.12",,"0.6","53.5","62.3","44.6","13846","50",,,"45",,"25.1",,,"39.1",
"USW00094728","NY CITY CENTRAL PARK, NY US","40.77898","-73.96925","42.7","1990-05",,"35","0","0","44","0","0.0","2.40","83","4659","9.09",,"0.0","60.2","68.8","51.6","15574","50",,,"45",,"23.0",,,"39.1",
"USW00094728","NY CITY CENTRAL PARK, NY US","40.77898","-73.96925","42.7","1990-06",,"252","0","0","50","0","0.0","0.74","89","4663","2.50",,"0.0","72.1","81.4","62.8","16853","300",,,"360",,"17.0",,,"41.4",
"USW00094728","NY CITY CENTRAL PARK, NY US","40.77898","-73.96925","42.7","1990-07",,"621","0","0","57","0","0.0","1.13","95","4","3.51",,"0.0","76.7","84.7","68.8","12776","270",,,"225",,"17.0",,,"25.3",
"USW00094728","NY CITY CENTRAL PARK, NY US","40.77898","-73.96925","42.7","1990-08",,"941","0","0","58","0","0.0","4.64","93","7","12.36",,"0.0","75.3","83.5","67.0","13457","50",,,"225",,"21.0",,,"35.6",
"USW00094728","NY CITY CENTRAL PARK, NY US","40.77898","-73.96925","42.7","1990-09",,"1077","0","0","44","0","0.0","1.03","89","68","2.24",,"0.0","67.5","75.6","59.4","12259","60",,,"45",,"17.9",,,"26.4",
"USW00094728","NY CITY CENTRAL PARK, NY US","40.77898","-73.96925","42.7","1990-10",,"1153","0","0","35","0","0.0","2.53","84","241","6.38",,"0.0","61.9","69.5","54.2","12746","170",,,"180",,"19.9",,,"41.4",
"USW00094728","NY CITY CENTRAL PARK, NY US","40.77898","-73.96925","42.7","1990-11",,"1156","0","0","30","0","0.0","1.70","78","684","2.82",,"0.0","50.3","58.3","42.4","11378","280",,,"270",,"25.1",,,"46.1",
"USW00094728","NY CITY CENTRAL PARK, NY US","40.77898","-73.96925","42.7","1990-12",,"1156","3","1","21","7","6.6","1.21","66","1379","5.58",,"7.2","42.6","49.7","35.5","7066","290",,,"315",,"23.9",,,"41.4",
"USW00094728","NY CITY CENTRAL PARK, NY US","40.77898","-73.96925","42.7","1991-01",,"0","5","2","10","4","5.7","0.85","55","2313","3.38",,"8.4","34.9","41.2","28.5","10885","280",,,"270",,"21.0",,,"38.0",
"USW00094728","NY CITY CENTRAL PARK, NY US","40.77898","-73.96925","42.7","1991-02",,"0","3","1","14","9","8.4","0.53","70","3015","1.93",,"9.1","39.9","47.6","32.3","10289","280",,,"315",,"23.0",,,"40.3",
"USW00094728","NY CITY CENTRAL PARK, NY US","40.77898","-73.96925","42.7","1991-03",,"0","1","0","24","1","0.2","2.17","77","3647","5.16",,"0.2","44.6","52.1","37.1","11233","60",,,"270",,"23.9",,,"39.1",
"USW00094728","NY CITY CENTRAL PARK, NY US","40.77898","-73.96925","42.7","1991-04",,"37","0","0","36","0","0.0","2.28","90","3965","3.68",,"0.0","55.7","64.4","46.9","12049","260",,,"270",,"19.9",,,"36.7",
"USW00094728","NY CITY CENTRAL PARK, NY US","40.77898","-73.96925","42.7","1991-05",,"216","0","0","47","0","0.0","1.39","93","4029","3.11",,"0.0","68.7","78.9","58.5","19145","350",,,"270",,"19.9",,,"33.3",
"USW00094728","NY CITY CENTRAL PARK, NY US","40.77898","-73.96925","42.7","1991-06",,"491","0","0","53","0","0.0","1.80","97","4032","4.16",,"0.0","74.1","84.4","63.7","18168","240",,,"315",,"17.9",,,"28.9",
"USW00094728","NY CITY CENTRAL PARK, NY US","40.77898","-73.96925","42.7","1991-07",,"885","0","0","63","0","0.0","1.85","102","0","4.57",,"0.0","77.7","87.1","68.3","15810","350",,,"270",,"19.9",,,"31.1",
"USW00094728","NY CITY CENTRAL PARK, NY US","40.77898","-73.96925","42.7","1991-08",,"1260","0","0","62","0","0.0","3.00","94","0","7.14",,"0.0","77.1","86.0","68.2","17671","350",,,"315",,"17.0",,,"33.3",
"USW00094728","NY CITY CENTRAL PARK, NY US","40.77898","-73.96925","42.7","1991-09",,"1398","0","0","44","0","0.0","1.97","93","65","3.71",,"0.0","67.4","76.4","58.5","16300","320",,,"45",,"17.0",,,"32.2",
"USW00094728","NY CITY CENTRAL PARK, NY US","40.77898","-73.96925","42.7","1991-10",,"1421","0","0","38","0","0.0","0.76","80","293","2.13",,"0.0","58.4","66.9","49.9","12435","200",,,"180",,"25.1",,,"38.0",
"USW00094728","NY CITY CENTRAL PARK, NY US","40.77898","-73.96925","42.7","1991-11",,"1421","0","0","29","0","0.0","1.13","74","795","1.96",,"0.0","48.3","55.1","41.4","7090","280",,,"270",,"21.0",,,"35.6",
"USW00094728","NY CITY CENTRAL PARK, NY US","40.77898","-73.96925","42.7","1991-12",,"1421","1","0","13","1","0.5","1.25","66","1583","4.26",,"0.7","39.6","46.3","32.8","8739","360",,,"270",,"21.0",,,"35.6",
"USW00094728","NY CITY CENTRAL PARK, NY US","40.77898","-73.96925","42.7","1992-01",,"0","2","1","11","1","1.3","0.50","62","2491","1.69",,"1.5","35.7","42.5","28.9","9112","60",,,"45",,"25.1",,,"42.5",
"USW00094728","NY CITY CENTRAL PARK, NY US","40.77898","-73.96925","42.7","1992-02",,"0","1","1","14","1","1.0","0.84","64","3322","1.87",,"1.0","36.4","43.2","29.5","8620","270",,,"315",,"21.0",,,"40.3",
"USW00094728","NY CITY CENTRAL PARK, NY US","40.77898","-73.96925","42.7","1992-03",,"0","5","2","17","6","6.2","0.99","64","4097","4.08",,"9.4","40.0","47.8","32.2","12344","300",,,"225",,"25.9",,,"43.6",
"USW00094728","NY CITY CENTRAL PARK, NY US","40.77898","-73.96925","42.7","1992-04",,"4","0","0","31","0","0.0","0.35","81","4536","1.76",,"0.0","50.5","58.8","42.2","12515","190",,,"45",,"19.9",,,"31.1",
"USW00094728","NY CITY CENTRAL PARK, NY US","40.77898","-73.96925","42.7","1992-05",,"47","0","0","40","0","0.0","1.99","93","4704","4.02",,"0.0","61.0","70.8","51.2","17373","20",,,"45",,"23.0",,,"34.4",
"USW00094728","NY CITY CENTRAL PARK, NY US","40.77898","-73.96925","42.7","1992-06",,"216","0","0","52","0","0.0","2.80","87","4716","4.77",,"0.0","70.2","79.2","61.3","19449","40",,,"270",,"17.0",,,"26.4",
"USW00094728","NY CITY CENTRAL PARK, NY US","40.77898","-73.96925","42.7","1992-07",,"501","0","0","59","0","0.0","0.90","93","1","4.49",,"0.0","74.2","82.5","65.9","17501","50",,,"360",,"17.0",,,"23.0",
"USW00094728","NY CITY CENTRAL PARK, NY US","40.77898","-73.96925","42.7","1992-08",,"749","0","0","57","0","0.0","1.52","91","4","3.49",,"0.0","72.9","81.4","64.3","15052","50",,,"180",,"21.0",,,"32.2",
"USW00094728","NY CITY CENTRAL PARK, NY US","40.77898","-73.96925","42.7","1992-09",,"871","0","0","44","0","0.0","1.61","86","60","4.89",,"0.0","67.2","74.8","59.6","12240","50",,,"45",,"19.9",,,"28.9",
"USW00094728","NY CITY CENTRAL PARK, NY US","40.77898","-73.96925","42.7","1992-10",,"879","0","0","34","0","0.0","0.43","78","393","1.16",,"0.0","54.5","62.5","46.5","12393","180",,,"180",,"23.0",,,"38.0",
"USW00094728","NY CITY CENTRAL PARK, NY US","40.77898","-73.96925","42.7","1992-11",,"879","0","0","29","0","0.0","2.18","71","948","5.65",,"0.0","46.5","52.5","40.5","7982","280",,,"135",,"23.9",,,"32.2",
"USW00094728","NY CITY CENTRAL PARK, NY US","40.77898","-73.96925","42.7","1992-12",,"879","0","0","17","0","0.4","2.41","61","1789","5.51",,"0.4","37.8","43.8","32.0","7660","50",,,"45",,"38.9",,,"64.4",
"USW00094728","NY CITY CENTRAL PARK, NY US","40.77898","-73.96925","42.7","1993-01",,"0","1","1","21","1","1.1","1.42","64","2678","3.44",,"1.5","36.3","42.6","30.1","8642","300",,,"315",,"23.0",,,"39.1",
"USW00094728","NY CITY CENTRAL PARK, NY US","40.77898","-73.96925","42.7","1993-02",,"0","7","4","7","3","4.3","1.11","56","3637","2.81",,"10.7","30.8","39.1","22.4","11515","50",,,"45",,"21.9",,,"32.2",
"USW00094728","NY CITY CENTRAL PARK, NY US","40.77898","-73.96925","42.7","1993-03",,"0","9","1","13","8","10.2","2.37","68","4423","6.64",,"11.9","39.6","46.7","32.6","11206","60",,,"45",,"51.0",,,"62.2",
"USW00094728","NY CITY CENTRAL PARK, NY US","40.77898","-73.96925","42.7","1993-04",,"0","0","0","35","0","0.0","1.89","79","4776","4.28",,"0.0","53.3","62.5","44.0","12201","40",,,"315",,"21.9",,,"36.7",
"USW00094728","NY CITY CENTRAL PARK, NY US","40.77898","-73.96925","42.7","1993-05",,"79","0","0","46","0","0.0","0.90","92","4835","1.56",,"0.0","65.6","75.5","55.8","16802","290",,,"315",,"17.9",,,"32.2",
"USW00094728","NY CITY CENTRAL PARK, NY US","40.77898","-73.96925","42.7","1993-06",,"340","0","0","51","0","0.0","0.50","95","4849","1.49",,"0.0","73.3","83.2","63.3","18712","360",,,"180",,"17.0",,,"34.4",
"USW00094728","NY CITY CENTRAL PARK, NY US","40.77898","-73.96925","42.7","1993-07",,"809","0","0","65","0","0.0","0.76","102","0","1.70",,"0.0","80.1","90.2","70.1","21423","280",,,"45",,"15.0",,,"34.4",
"USW00094728","NY CITY CENTRAL PARK, NY US","40.77898","-73.96925","42.7","1993-08",,"1187","0","0","60","0","0.0","1.85","96","0","5.41",,"0.0","77.2","86.0","68.4","17164","60",,,"270",,"17.0",,,"30.0",
"USW00094728","NY CITY CENTRAL PARK, NY US","40.77898","-73.96925","42.7","1993-09",,"1323","0","0","44","0","0.0","1.42","95","68","5.26",,"0.0","67.3","74.8","59.7","11597","200",,,"315",,"17.0",,,"30.0",
"USW00094728","NY CITY CENTRAL PARK, NY US","40.77898","-73.96925","42.7","1993-10",,"1325","0","0","38","0","0.0","0.97","78","351","4.54",,"0.0","55.9","63.5","48.4","12787","50",,,"45",,"23.9",,,"36.7",
"USW00094728","NY CITY CENTRAL PARK, NY US","40.77898","-73.96925","42.7","1993-11",,"1329","0","0","25","0","0.0","1.45","80","841","2.20",,"0.0","48.8","56.6","41.0","10606","330",,,"270",,"23.0",,,"38.0",
"USW00094728","NY CITY CENTRAL PARK, NY US","40.77898","-73.96925","42.7","1993-12",,"1329","5","2","10","4","3.7","1.65","62","1699","4.95",,"6.9","37.3","43.5","31.1","8527","290",,,"270",,"23.9",,,"40.3",
"USW00094728","NY CITY CENTRAL PARK, NY US","40.77898","-73.96925","42.7","1994-01",,"0","30","4","-2","7","4.5","1.87","55","2922","5.62",,"12.0","25.5","33.2","17.9","7654","160",,,"45",,"23.0",,,"51.7",
"USW00094728","NY CITY CENTRAL PARK, NY US","40.77898","-73.96925","42.7","1994-02",,"0","26","5","7","22","12.8","1.09","62","3886","3.44",,"26.4","30.6","37.9","23.2","10884","60",,,"45",,"21.0",,,"40.3",
"USW00094728","NY CITY CENTRAL PARK, NY US","40.77898","-73.96925","42.7","1994-03",,"0","10","3","21","7","4.0","1.62","71","4641","6.32",,"8.1","40.7","48.0","33.3","11393","60",,,"90",,"29.1",,,"57.5",
"USW00094728","NY CITY CENTRAL PARK, NY US","40.77898","-73.96925","42.7","1994-04",,"6","0","0","34","0","0.0","0.51","84","4928","2.43",,"0.0","55.6","65.2","46.0","15262","290",,,"270",,"21.0",,,"39.1",
"USW00094728","NY CITY CENTRAL PARK, NY US","40.77898","-73.96925","42.7","1994-05",,"54","0","0","44","0","0.0","0.82","91","5077","4.25",,"0.0","61.8","72.4","51.2","18539","280",,,"270",,"23.0",,,"36.7",
"USW00094728","NY CITY CENTRAL PARK, NY US","40.77898","-73.96925","42.7","1994-06",,"360","0","0","54","0","0.0","0.98","98","5077","3.21",,"0.0","75.2","84.7","65.7","18127","170",,,"225",,"16.1",,,"30.0",
"USW00094728","NY CITY CENTRAL PARK, NY US","40.77898","-73.96925","42.7","1994-07",,"805","0","0","64","0","0.0","0.96","97","0","3.86",,"0.0","79.4","87.9","70.8","16074","50",,,"225",,"15.0",,,"25.3",
"USW00094728","NY CITY CENTRAL PARK, NY US","40.77898","-73.96925","42.7","1994-08",,"1083","0","0","57","0","0.0","1.85","91","0","6.33",,"0.0","74.0","82.4","65.6","13928","10",,,"45",,"16.1",,,"35.6",
"USW00094728","NY CITY CENTRAL PARK, NY US","40.77898","-73.96925","42.7","1994-09",,"1181","0","0","53","0","0.0","0.79","88","19","3.33",,"0.0","67.6","75.7","59.5","13605","70",,,"45",,"21.0",,,"38.0",
"USW00094728","NY CITY CENTRAL PARK, NY US","40.77898","-73.96925","42.7","1994-10",,"1181","0","0","43","0","0.0","0.61","75","238","1.35",,"0.0","58.0","66.6","49.4","14276","30",,,"45",,"16.1",,,"28.9",
"USW00094728","NY CITY CENTRAL PARK, NY US","40.77898","-73.96925","42.7","1994-11",,"1184","0","0","25","0","0.0","1.09","76","632","4.34",,"0.0","51.9","59.5","44.4","9481","290",,,"315",,"23.0",,,"40.3",
"USW00094728","NY CITY CENTRAL PARK, NY US","40.77898","-73.96925","42.7","1994-12",,"1184","0","0","19","0","0.0","0.94","65","1340","2.91",,"0.0","42.2","48.9","35.4","9832","360",,,"360",,"21.0",,,"51.7",
"USW00094728","NY CITY CENTRAL PARK, NY US","40.77898","-73.96925","42.7","1995-01",,"0","0","0","15","0","0.2","1.41","64","2192","3.76",,"0.2","37.5","43.1","31.9","8194","280",,,"360",,"17.9",,,"38.0",
"USW00094728","NY CITY CENTRAL PARK, NY US","40.77898","-73.96925","42.7","1995-02",,"0","15","1","6","8","10.8","1.26","54","3128","3.13",,"11.6","31.6","38.8","24.3","10605",,,,"45",,,,,"44.7",
"USW00094728","NY CITY CENTRAL PARK, NY US","40.77898","-73.96925","42.7","1995-03",,"0","0","0","20","0","0.0","0.71","72","3749","1.26",,"0.0","45.0","52.9","37.0","12736","170",,,"315",,"21.9",,,"38.0",
"USW00094728","NY CITY CENTRAL PARK, NY US","40.77898","-73.96925","42.7","1995-04",,"0","0","0","23","0","0.0","0.56","76","4142","2.29",,"0.0","51.9","61.4","42.4","15725","250",,,"225",,"21.0",,,"43.6",
"USW00094728","NY CITY CENTRAL PARK, NY US","40.77898","-73.96925","42.7","1995-05",,"37","0","0","44","0","0.0","0.68","87","4276","2.84",,"0.0","61.9","70.1","53.7","12526","290",,,"315",,"17.0",,,"34.4",
"USW00094728","NY CITY CENTRAL PARK, NY US","40.77898","-73.96925","42.7","1995-06",,"245","0","0","54","0","0.0","0.99","95","4279","2.09",,"0.0","71.8","80.3","63.3","13686","60",,,"45",,"25.1",,,"38.0",
"USW00094728","NY CITY CENTRAL PARK, NY US","40.77898","-73.96925","42.7","1995-07",,"683","0","0","60","0","0.0","3.13","102","0","6.13",,"0.0","79.1","87.0","71.3","16034","200",,,"180",,"28.0",,,"46.1",
"USW00094728","NY CITY CENTRAL PARK, NY US","40.77898","-73.96925","42.7","1995-08",,"1103","0","0","62","0","0.0","0.13","96","0","0.18",,"0.0","78.5","87.4","69.7","20815","190",,,"360",,"19.9",,,"30.0",
"USW00094728","NY CITY CENTRAL PARK, NY US","40.77898","-73.96925","42.7","1995-09",,"1234","0","0","50","0","0.0","1.11","91","34","3.04",,"0.0","68.3","76.6","59.9","12999","70",,,"45",,"23.0",,,"35.6",
"USW00094728","NY CITY CENTRAL PARK, NY US","40.77898","-73.96925","42.7","1995-10",,"1280","0","0","42","0","0.0","2.17","86","184","7.81",,"0.0","61.6","70.0","53.2",,"270",,,"270",,"21.0",,,"36.7",
"USW00094728","NY CITY CENTRAL PARK, NY US","40.77898","-73.96925","42.7","1995-11","7.4","1280","2","1","24","2","2.9","1.41","72","827","5.78",,"2.9","43.6","50.1","37.1",,,"30","10",,,,"29.1","44",,
"USW00094728","NY CITY CENTRAL PARK, NY US","40.77898","-73.96925","42.7","1995-12","8.3","1280",,"4","15",,"5.5","0.68","55","1838","2.12",,"11.5","32.4","38.0","26.8",,,"70","300",,,,"25.1","37",,
"USW00094728","NY CITY CENTRAL PARK, NY US","40.77898","-73.96925","42.7","1996-01","8.9","0",,"4","6",,"13.6","1.40","56","2907","5.64",,"26.1","30.5","37.0","24.0",,,"70","60",,,,"40.0","53",,
"USW00094728","NY CITY CENTRAL PARK, NY US","40.77898","-73.96925","42.7","1996-02","8.7","0",,"5","5",,"9.9","0.51","62","3811","2.59",,"21.1","33.9","40.3","27.4",,,"300","340",,,,"33.1","45",,
"USW00094728","NY CITY CENTRAL PARK, NY US","40.77898","-73.96925","42.7","1996-03","8.1","0",,"3","11",,"4.6","0.84","63","4619","3.82",,"13.2","38.9","46.2","31.6",,,"80","70",,,,"36.9","52",,
"USW00094728","NY CITY CENTRAL PARK, NY US","40.77898","-73.96925","42.7","1996-04","8.9","11",,"0","33",,"0.4","2.08","85","5013","6.33",,"0.7","52.2","60.0","44.4",,,"330","350",,,,"28.0","38",,
"USW00094728","NY CITY CENTRAL PARK, NY US","40.77898","-73.96925","42.7","1996-05","6.3","77","0","0","42","0","0.0","0.64","96","5201","2.65",,"0.0","61.1","69.5","52.7",,,"300","290",,,,"25.1","37",,
"USW00094728","NY CITY CENTRAL PARK, NY US","40.77898","-73.96925","42.7","1996-06","5.6","278","0","0","54","0","0.0","3.01","88","5210","5.72",,"0.0","71.4","78.3","64.4",,,"330","340",,,,"17.9","31",,
"USW00094728","NY CITY CENTRAL PARK, NY US","40.77898","-73.96925","42.7","1996-07","5.6","536","0","0","62","0","0.0","1.77","89","0","5.76",,"0.0","73.3","79.8","66.9",,,"170","160",,,,"23.9","41",,
"USW00094728","NY CITY CENTRAL PARK, NY US","40.77898","-73.96925","42.7","1996-08","4.5","829","0","0","61","0","0.0","0.82","90","0","1.87",,"0.0","74.4","81.3","67.5",,,"80","70",,,,"17.0","26",,
"USW00094728","NY CITY CENTRAL PARK, NY US","40.77898","-73.96925","42.7","1996-09","5.4","966","0","0","50","0","0.0","2.04","89","48","4.97",,"0.0","68.0","74.3","61.7",,,"70","70",,,,"23.0","40",,
"USW00094728","NY CITY CENTRAL PARK, NY US","40.77898","-73.96925","42.7","1996-10","6.5","970","0","0","40","0","0.0","4.35","76","319","7.52",,"0.0","56.4","63.3","49.4",,,"50","20",,,,"25.9","46",,
"USW00094728","NY CITY CENTRAL PARK, NY US","40.77898","-73.96925","42.7","1996-11","6.7","970",,"0","23",,"0.1","1.91","69","980","2.87",,"0.1","43.0","48.9","37.0",,,"320","200",,,,"25.1","39",,
"USW00094728","NY CITY CENTRAL PARK, NY US","40.77898","-73.96925","42.7","1996-12","7.8","970",,"0","15",,"0.0","1.41","63","1716","6.48",,"0.0","41.3","46.6","35.9",,,"70","70",,,,"30.0","47",,
"USW00094728","NY CITY CENTRAL PARK, NY US","40.77898","-73.96925","42.7","1997-01","8.9","0",,"1","4",,"3.5","1.23","62","2735","3.65",,"4.4","32.1","39.2","25.1",,,"300","300",,,,"25.9","38",,
"USW00094728","NY CITY CENTRAL PARK, NY US","40.77898","-73.96925","42.7","1997-02","8.3","0",,"2","19",,"2.6","0.96","72","3435","2.55",,"3.8","40.0","47.2","32.8",,,"300","310",,,,"29.1","41",,
"USW00094728","NY CITY CENTRAL PARK, NY US","40.77898","-73.96925","42.7","1997-03","8.9","0",,"1","25",,"1.0","2.07","68","4152","5.19",,"1.7","41.9","49.2","34.6",,,"300","290",,,,"33.1","52",,
"USW00094728","NY CITY CENTRAL PARK, NY US","40.77898","-73.96925","42.7","1997-04","8.1","0",,"0","28",,"0.0","1.02","74","4552","2.87",,"0.0","51.7","60.1","43.2",,,"320","10",,,,"25.9","44",,
"USW00094728","NY CITY CENTRAL PARK, NY US","40.77898","-73.96925","42.7","1997-05","7.4","6","0","0","43","0","0.0","0.77","83","4734","3.06",,"0.0","59.3","67.9","50.8",,,"300","300",,,,"29.1","40",,
"USW00094728","NY CITY CENTRAL PARK, NY US","40.77898","-73.96925","42.7","1997-06","6.0","224","0","0","49","0","0.0","0.99","93","4775","1.93",,"0.0","70.9","79.1","62.7",,,"80","80",,,,"25.1","37",,
"USW00094728","NY CITY CENTRAL PARK, NY US","40.77898","-73.96925","42.7","1997-07","5.6","558","0","0","58","0","0.0","3.75","97","2","8.36",,"0.0","75.7","84.3","67.2",,,"100","100",,,,"23.9","34",,
"USW00094728","NY CITY CENTRAL PARK, NY US","40.77898","-73.96925","42.7","1997-08","4.9","815","0","0","60","0","0.0","0.76","93","2","3.21",,"0.0","73.3","80.7","65.9",,,"300","310",,,,"33.1","57",,
"USW00094728","NY CITY CENTRAL PARK, NY US","40.77898","-73.96925","42.7","1997-09","6.0","924","0","0","48","0","0.0","0.70","83","52","2.11",,"0.0","67.0","74.5","59.4",,,"300","300",,,,"23.9","34",,
"USW00094728","NY CITY CENTRAL PARK, NY US","40.77898","-73.96925","42.7","1997-10","5.8","955","0","0","37","0","0.0","0.83","85","339","2.10",,"0.0","56.7","63.6","49.8",,,"330","310",,,,"23.0","32",,
"USW00094728","NY CITY CENTRAL PARK, NY US","40.77898","-73.96925","42.7","1997-11","7.8","955",,"0","27",,"0.0","0.93","65","955","4.69",,"0.0","44.5","49.8","39.2",,,"320","310",,,,"30.0","41",,
"USW00094728","NY CITY CENTRAL PARK, NY US","40.77898","-73.96925","42.7","1997-12","6.3","955",,"0","17",,"0.0","1.25","54","1785","4.28",,"0.0","38.2","43.4","33.0",,,"70","60",,,,"34.0","51",,
"USW00094728","NY CITY CENTRAL PARK, NY US","40.77898","-73.96925","42.7","1998-01","8.3","0",,"0","14",,"0.5","2.55","65","2560","5.20",,"0.5","40.0","45.8","34.2",,,"60","330",,,,"30.0","40",,
"USW00094728","NY CITY CENTRAL PARK, NY US","40.77898","-73.96925","42.7","1998-02","8.7","0",,"0","17",,"0.0","1.27","58","3243","5.81",,"0.0","40.6","46.2","35.0",,,"80","70",,,,"34.0","52",,
"USW00094728","NY CITY CENTRAL PARK, NY US","40.77898","-73.96925","42.7","1998-03","8.3","34",,"1","19",,"5.0","1.82","86","3885","5.09",,"5.0","45.4","52.2","38.6",,,"90","220",,,,"34.0","45",,
"USW00094728","NY CITY CENTRAL PARK, NY US","40.77898","-73.96925","42.7","1998-04","6.7","34",,"0","36",,"0.0","1.86","73","4216","7.06",,"0.0","54.0","62.3","45.6",,,"90","70",,,,"33.1","51",,
"USW00094728","NY CITY CENTRAL PARK, NY US","40.77898","-73.96925","42.7","1998-05","6.7","119","0","0","44","0","0.0","1.94","87","4322","6.94",,"0.0","64.3","72.4","56.2",,,"90","70",,,,"28.0","37",,
"USW00094728","NY CITY CENTRAL PARK, NY US","40.77898","-73.96925","42.7","1998-06","6.3","274",,"0","52",,"0.0","1.57","92","4353","5.94",,"0.0","69.2","75.8","62.5",,,"80","310",,,,"28.0","33",,
"USW00094728","NY CITY CENTRAL PARK, NY US","40.77898","-73.96925","42.7","1998-07","5.6","629","0","0","62","0","0.0","0.33","93","0","1.09",,"0.0","76.4","83.8","69.1",,,"300","300",,,,"21.9","32",,
"USW00094728","NY CITY CENTRAL PARK, NY US","40.77898","-73.96925","42.7","1998-08","5.6","990","0","0","58","0","0.0","2.38","91","0","2.78",,"0.0","76.6","84.4","68.9",,,"80","70",,,,"25.1","36",,
"USW00094728","NY CITY CENTRAL PARK, NY US","40.77898","-73.96925","42.7","1998-09","5.8","1168","0","0","49","0","0.0","2.07","90","21","3.44",,"0.0","70.2","78.1","62.3",,,"320","320",,,,"23.0","38",,
"USW00094728","NY CITY CENTRAL PARK, NY US","40.77898","-73.96925","42.7","1998-10","6.3","1169","0","0","42","0","0.0","0.97","74","253","2.76",,"0.0","57.5","63.9","51.2",,,"330","330",,,,"19.9","32",,
"USW00094728","NY CITY CENTRAL PARK, NY US","40.77898","-73.96925","42.7","1998-11","6.7","1169",,"0","36",,"0.0","0.97","63","760","1.48",,"0.0","48.1","54.2","42.0",,,"320","330",,,,"23.9","33",,
"USW00094728","NY CITY CENTRAL PARK, NY US","40.77898","-73.96925","42.7","1998-12","7.2","1170",,"1","17",,"2.0","0.71","75","1439","1.13",,"2.0","43.1","48.9","37.4",,,"330","310",,,,"28.0","40",,
"USW00094728","NY CITY CENTRAL PARK, NY US","40.77898","-73.96925","42.7","1999-01","8.1","0",,"2","9",,"2.5","2.42","60","2403","7.02",,"4.5","33.9","40.8","27.0",,,"300","290",,,,"31.1","44",,
"USW00094728","NY CITY CENTRAL PARK, NY US","40.77898","-73.96925","42.7","1999-02","7.6","0",,"1","14",,"1.5","1.15","62","3136","3.49",,"1.7","38.8","45.2","32.4",,,"320","70",,,,"23.9","37",,
"USW00094728","NY CITY CENTRAL PARK, NY US","40.77898","-73.96925","42.7","1999-03","9.4","0",,"1","17",,"4.0","0.72","74","3833","4.02",,"4.5","42.5","50.6","34.4",,,"70","310",,,,"28.0","40",,
"USW00094728","NY CITY CENTRAL PARK, NY US","40.77898","-73.96925","42.7","1999-04","7.4","3",,"0","35",,"0.0","0.38","80","4181","1.94",,"0.0","53.5","62.3","44.7",,,"60","70",,,,"28.0","43",,
"USW00094728","NY CITY CENTRAL PARK, NY US","40.77898","-73.96925","42.7","1999-05","6.0","48","0","0","46","0","0.0","1.53","89","4286","4.04",,"0.0","63.0","71.1","55.0",,,"80","80",,,,"29.1","39",,
"USW00094728","NY CITY CENTRAL PARK, NY US","40.77898","-73.96925","42.7","1999-06","6.3","297",,"0","57",,"0.0","0.19","94","4291","0.59",,"0.0","73.2","81.3","65.0",,,"80","70",,,,"19.9","26",,
"USW00094728","NY CITY CENTRAL PARK, NY US","40.77898","-73.96925","42.7","1999-07","5.6","804","0","0","61","0","0.0","0.24","101","0","0.44",,"0.0","81.4","90.1","72.6",,,"250","340",,,,"21.0","29",,
"USW00094728","NY CITY CENTRAL PARK, NY US","40.77898","-73.96925","42.7","1999-08","6.3","1134","0","0","59","0","0.0","1.53","98","3","2.89",,"0.0","75.5","83.4","67.6",,,"80","80",,,,"23.0","32",,
"USW00094728","NY CITY CENTRAL PARK, NY US","40.77898","-73.96925","42.7","1999-09","6.5","1278","0","0","50","0","0.0","5.02","83","27","8.81",,"0.0","69.0","75.8","62.3",,,"90","90",,,,"29.1","41",,
"USW00094728","NY CITY CENTRAL PARK, NY US","40.77898","-73.96925","42.7","1999-10","6.0","1281","0","0","39","0","0.0","0.73","75","308","2.73",,"0.0","56.0","63.4","48.6",,,"330","320",,,,"28.0","39",,
"USW00094728","NY CITY CENTRAL PARK, NY US","40.77898","-73.96925","42.7","1999-11","7.4","1281",,"0","28",,"0.0","1.13","72","735","2.33",,"0.0","50.8","57.2","44.3",,,"320","350",,,,"23.9","38",,
"USW00094728","NY CITY CENTRAL PARK, NY US","40.77898","-73.96925","42.7","1999-12","7.8","1281",,"0","19",,"0.0","1.01","63","1513","3.23",,"0.0","39.9","45.7","34.2",,,"80","70",,,,"31.1","46",,
"USW00094728","NY CITY CENTRAL PARK, NY US","40.77898","-73.96925","42.7","2000-01","9.2","0","3","3","3","5","5.5","0.84","64","2558","3.22",,"9.5","31.3","37.8","24.7",,,"330","310",,,,"30.0","45",,
"USW00094728","NY CITY CENTRAL PARK, NY US","40.77898","-73.96925","42.7","2000-02","8.3","0",,"2","19",,"3.0","0.57","64","3362","1.66",,"5.2","37.3","43.7","30.9",,,"80","330",,,,"28.0","38",,
"USW00094728","NY CITY CENTRAL PARK, NY US","40.77898","-73.96925","42.7","2000-03","8.5","0","0","0","22","0","0.4","1.11","71","3914","3.34",,"0.4","47.2","55.0","39.4",,,"90","70",,,,"29.1","41",,
"USW00094728","NY CITY CENTRAL PARK, NY US","40.77898","-73.96925","42.7","2000-04","8.3","0","1","1","30","1","1.2","1.62","75","4334","3.53",,"1.2","51.0","58.2","43.8",,,"80","80",,,,"34.9","49",,
"USW00094728","NY CITY CENTRAL PARK, NY US","40.77898","-73.96925","42.7","2000-05","6.3","79","0","0","46","0","0.0","1.07","93","4459","4.50",,"0.0","63.5","71.7","55.4",,,"90","80",,,,"25.1","36",,
"USW00094728","NY CITY CENTRAL PARK, NY US","40.77898","-73.96925","42.7","2000-06","6.0","299","0","0","49","0","0.0","2.62","92","4490","4.87",,"0.0","71.3","78.8","63.8",,,"70","60",,,,"25.9","38",,
"USW00094728","NY CITY CENTRAL PARK, NY US","40.77898","-73.96925","42.7","2000-07",,"526","0","0","58","0","0.0","3.24","89","0","7.28",,"0.0","72.3","79.0","65.6",,,,"80",,,,,"26",,
"USW00094728","NY CITY CENTRAL PARK, NY US","40.77898","-73.96925","42.7","2000-08","5.6","756","0","0","57","0","0.0","0.70","90","0","3.82",,"0.0","72.4","78.6","66.3",,,"80","60",,,,"23.0","32",,
"USW00094728","NY CITY CENTRAL PARK, NY US","40.77898","-73.96925","42.7","2000-09","5.8","868","0","0","43","0","0.0","1.90","84","84","5.82",,"0.0","66.0","72.9","59.0",,,"70","70",,,,"25.1","37",,
"USW00094728","NY CITY CENTRAL PARK, NY US","40.77898","-73.96925","42.7","2000-10","5.8","880","0","0","36","0","0.0","0.45","79","345","0.67",,"0.0","56.9","64.4","49.5",,,"70","70",,,,"21.9","32",,
"USW00094728","NY CITY CENTRAL PARK, NY US","40.77898","-73.96925","42.7","2000-11","6.9","880","0","0","23","0","0.0","1.48","67","937","3.54",,"0.0","45.3","50.9","39.6",,,"320","320",,,,"21.0","33",,
"USW00094728","NY CITY CENTRAL PARK, NY US","40.77898","-73.96925","42.7","2000-12","8.1","880","4","1","14","10","12.0","0.94","62","1988","3.20",,"13.4","31.1","37.2","25.0",,,"290","300",,,,"32.0","47",,
"USW00094728","NY CITY CENTRAL PARK, NY US","40.77898","-73.96925","42.7","2001-01","6.9","0",,"2","18",,"6.0","0.83","54","2961","3.16",,"8.3","33.6","38.8","28.5",,,"290","310",,,,"21.9","32",,
"USW00094728","NY CITY CENTRAL PARK, NY US","40.77898","-73.96925","42.7","2001-02","8.1","0",,"2","16",,"5.5","0.70","61","3775","1.95",,"9.5","35.9","43.2","28.6",,,"330","310",,,,"28.0","41",,
"USW00094728","NY CITY CENTRAL PARK, NY US","40.77898","-73.96925","42.7","2001-03","8.9","0","3","2","24","3","2.0","2.16","57","4562","7.48",,"3.8","39.6","45.6","33.7",,,"80","80",,,,"36.0","51",,
"USW00094728","NY CITY CENTRAL PARK, NY US","40.77898","-73.96925","42.7","2001-04","6.5","14","0","0","34","0","0.0","0.60","87","4908","1.58",,"0.0","53.9","62.8","45.0",,,"320","300",,,,"23.9","32",,
"USW00094728","NY CITY CENTRAL PARK, NY US","40.77898","-73.96925","42.7","2001-05","6.9","100","0","0","43","0","0.0","0.84","92","5039","2.03",,"0.0","63.6","71.5","55.7",,,"70","60",,,,"23.9","35",,
"USW00094728","NY CITY CENTRAL PARK, NY US","40.77898","-73.96925","42.7","2001-06","5.4","344","0","0","50","0","0.0","1.64","91","5045","5.30",,"0.0","72.9","80.3","65.6",,,"320","320",,,,"23.0","37",,
"USW00094728","NY CITY CENTRAL PARK, NY US","40.77898","-73.96925","42.7","2001-07","5.8","597","0","0","56","0","0.0","0.62","94","0","2.04",,"0.0","73.1","81.0","65.2",,,"70","60",,,,"21.0","31",,
"USW00094728","NY CITY CENTRAL PARK, NY US","40.77898","-73.96925","42.7","2001-08","5.1","1021","0","0","63","0","0.0","0.59","103","0","2.56",,"0.0","78.7","86.5","70.8",,,"290","300",,,,"19.9","31",,
"USW00094728","NY CITY CENTRAL PARK, NY US","40.77898","-73.96925","42.7","2001-09","5.8","1152","0","0","50","0","0.0","1.90","86","51","5.30",,"0.0","67.7","75.3","60.0",,,"60","50",,,,"21.9","32",,
"USW00094728","NY CITY CENTRAL PARK, NY US","40.77898","-73.96925","42.7","2001-10","6.5","1183","0","0","37","0","0.0","0.28","81","284","0.66",,"0.0","58.5","66.3","50.7",,,"290","270",,,,"21.0","35",,
"USW00094728","NY CITY CENTRAL PARK, NY US","40.77898","-73.96925","42.7","2001-11","6.7","1184","0","0","34","0","0.0","0.81","75","654","1.37",,"0.0","52.7","59.8","45.6",,,"310","310",,,,"25.1","39",,
"USW00094728","NY CITY CENTRAL PARK, NY US","40.77898","-73.96925","42.7","2001-12","7.2","1184","0","0","20","0","0.0","0.65","71","1304","2.24",,"0.0","44.1","50.0","38.1",,,"310","270",,,,"23.9","37",,
"USW00094728","NY CITY CENTRAL PARK, NY US","40.77898","-73.96925","42.7","2002-01","7.6","0",,"1","21",,"3.0","0.62","69","2080","1.93",,"3.5","39.9","45.4","34.4","0",,"70","290",,,,"28.0","39",,
"USW00094728","NY CITY CENTRAL PARK, NY US","40.77898","-73.96925","42.7","2002-02",,"0","0","0","19","0","0.0","0.30","63","2764","0.71",,"0.0","40.6","48.3","32.8","0",,,"310",,,,,"38",,
"USW00094728","NY CITY CENTRAL PARK, NY US","40.77898","-73.96925","42.7","2002-03","8.7","0","0","0","19","0","0.0","0.82","72","3411","3.54",,"0.0","44.1","52.3","35.9",,,"300","300",,,,"28.0","45",,
"USW00094728","NY CITY CENTRAL PARK, NY US","40.77898","-73.96925","42.7","2002-04","6.9","71","0","0","30","0","0.0","1.64","96","3749","3.42",,"0.0","56.1","64.8","47.4",,,"300","280",,,,"33.1","47",,
"USW00094728","NY CITY CENTRAL PARK, NY US","40.77898","-73.96925","42.7","2002-05","6.7","113","0","0","41","0","0.0","1.57","86","3925","3.70",,"0.0","60.7","69.4","51.9",,,"50","240",,,,"28.0","44",,
"USW00094728","NY CITY CENTRAL PARK, NY US","40.77898","-73.96925","42.7","2002-06","6.3","328","0","0","53","0","0.0","1.69","92","3946","4.48",,"0.0","71.4","79.8","63.1",,,"60","40",,,,"25.9","35",,
"USW00094728","NY CITY CENTRAL PARK, NY US","40.77898","-73.96925","42.7","2002-07","5.8","754","0","0","61","0","0.0","0.63","96","0","1.06",,"0.0","78.8","87.0","70.6",,,"290","270",,,,"23.0","36",,
"USW00094728","NY CITY CENTRAL PARK, NY US","40.77898","-73.96925","42.7","2002-08","5.8","1151","0","0","60","0","0.0","2.68","98","2","4.92",,"0.0","77.7","85.9","69.5",,,"70","50",,,,"21.9","30",,
"USW00094728","NY CITY CENTRAL PARK, NY US","40.77898","-73.96925","42.7","2002-09","5.6","1320","0","0","54","0","0.0","1.63","91","15","5.17",,"0.0","70.2","78.0","62.5","0",,"300","300",,,,"28.0","46",,
"USW00094728","NY CITY CENTRAL PARK, NY US","40.77898","-73.96925","42.7","2002-10","6.7","1349","0","0","36","0","0.0","3.06","84","348","7.20",,"0.0","55.2","61.3","49.0",,,"40","60",,,,"23.0","35",,
"USW00094728","NY CITY CENTRAL PARK, NY US","40.77898","-73.96925","42.7","2002-11","7.4","1349","0","0","24","0","0.0","1.42","68","917","5.07",,"0.0","46.0","51.9","40.1",,,"60","290",,,,"28.0","41",,
"USW00094728","NY CITY CENTRAL PARK, NY US","40.77898","-73.96925","42.7","2002-12","8.1","1349",,"2","19",,"6.0","1.30","60","1816","4.07",,"11.0","36.0","41.1","30.9",,,"60","290",,,,"30.0","39",,
"USW00094728","NY CITY CENTRAL PARK, NY US","40.77898","-73.96925","42.7","2003-01","8.5","0",,"3","7",,"1.0","1.52","50","2979","2.31",,"4.7","27.5","32.9","22.0","0",,"280","280",,,,"23.9","38",,
"USW00094728","NY CITY CENTRAL PARK, NY US","40.77898","-73.96925","42.7","2003-02","8.3","0",,"4","8",,"16.3","1.49","50","3957","4.55",,"26.1","30.1","35.6","24.6",,,"280","70",,,,"28.0","46",,
"USW00094728","NY CITY CENTRAL PARK, NY US","40.77898","-73.96925","42.7","2003-03","7.2","0",,"1","11",,"3.5","1.08","69","4635","4.57",,"3.5","43.1","52.0","34.2",,,"300","330",,,,"25.1","36",,
"USW00094728","NY CITY CENTRAL PARK, NY US","40.77898","-73.96925","42.7","2003-04","8.7","11","1","1","30","4","4.0","0.66","88","5103","3.20",,"4.0","49.8","57.8","41.8",,,"50","70",,,,"29.1","41",,
"USW00094728","NY CITY CENTRAL PARK, NY US","40.77898","-73.96925","42.7","2003-05","6.3","20","0","0","45","0","0.0","1.28","79","5307","3.41",,"0.0","58.7","66.1","51.3",,,"60","70",,,,"25.9","37",,
"USW00094728","NY CITY CENTRAL PARK, NY US","40.77898","-73.96925","42.7","2003-06","5.1","171","0","0","50","0","0.0","2.75","93","5357","10.26",,"0.0","68.4","75.6","61.1",,,"60","70",,,,"19.9","28",,
"USW00094728","NY CITY CENTRAL PARK, NY US","40.77898","-73.96925","42.7","2003-07","5.4","504","0","0","63","0","0.0","1.39","94","0","3.76",,"0.0","75.7","83.0","68.5",,,"250","230",,,,"17.9","28",,
"USW00094728","NY CITY CENTRAL PARK, NY US","40.77898","-73.96925","42.7","2003-08","4.5","866","0","0","61","0","0.0","1.98","91","0","5.85",,"0.0","76.7","83.3","70.1",,,"40","60",,,,"17.0","26",,
"USW00094728","NY CITY CENTRAL PARK, NY US","40.77898","-73.96925","42.7","2003-09","6.3","973","0","0","50","0","0.0","1.19","80","19","6.03",,"0.0","67.9","73.8","62.1","0",,"60","100",,,,"28.0","39",,
"USW00094728","NY CITY CENTRAL PARK, NY US","40.77898","-73.96925","42.7","2003-10","6.0","976","0","0","36","0","0.0","1.88","77","328","4.91",,"0.0","55.1","61.8","48.4",,,"270","270",,,,"28.0","44",,
"USW00094728","NY CITY CENTRAL PARK, NY US","40.77898","-73.96925","42.7","2003-11","6.5","982","0","0","29","0","0.0","1.80","79","783","4.18",,"0.0","50.0","56.2","43.8",,,"280","280",,,,"32.0","47",,
"USW00094728","NY CITY CENTRAL PARK, NY US","40.77898","-73.96925","42.7","2003-12","8.3","982","6","3","21","11","8.0","1.59","58","1633","5.43",,"19.8","37.6","43.5","31.7",,,"280","270",,,,"28.0","43",,
"USW00094728","NY CITY CENTRAL PARK, NY US","40.77898","-73.96925","42.7","2004-01","8.9","0","17","4","1","12","6.0","0.56","58","2882","2.13",,"17.3","24.7","31.0","18.4",,,"280","290",,,,"25.9","40",,
"USW00094728","NY CITY CENTRAL PARK, NY US","40.77898","-73.96925","42.7","2004-02","7.8","0","8","0","15","7","0.7","1.59","59","3751","2.68",,"0.7","35.0","41.7","28.4","0",,"300","300",,,,"23.0","36",,
"USW00094728","NY CITY CENTRAL PARK, NY US","40.77898","-73.96925","42.7","2004-03","7.8","0","2","1","24","4","3.5","0.68","70","4417","2.99",,"4.8","43.5","50.3","36.7",,,"60","70",,,,"31.1","39",,
"USW00094728","NY CITY CENTRAL PARK, NY US","40.77898","-73.96925","42.7","2004-04","7.8","4","0","0","29","0","0.0","1.29","85","4764","4.11",,"0.0","53.6","62.7","44.4",,,"60","300",,,,"25.9","38",,
"USW00094728","NY CITY CENTRAL PARK, NY US","40.77898","-73.96925","42.7","2004-05","5.4","90","0","0","42","0","0.0","1.45","87","4843","5.76",,"0.0","65.2","74.3","56.1",,,"60","300",,,,"19.9","31",,
"USW00094728","NY CITY CENTRAL PARK, NY US","40.77898","-73.96925","42.7","2004-06","5.1","289","0","0","56","0","0.0","0.99","91","4856","3.02",,"0.0","71.2","78.8","63.7",,,"60","50",,,,"21.0","29",,
"USW00094728","NY CITY CENTRAL PARK, NY US","40.77898","-73.96925","42.7","2004-07","5.4","584","0","0","63","0","0.0","2.32","87","0","7.63",,"0.0","74.5","80.9","68.1",,,"60","70",,,,"19.9","29",,
"USW00094728","NY CITY CENTRAL PARK, NY US","40.77898","-73.96925","42.7","2004-08","4.9","871","0","0","58","0","0.0","0.91","90","0","3.02",,"0.0","74.2","80.7","67.8",,,"50","320",,,,"17.9","29",,
"USW00094728","NY CITY CENTRAL PARK, NY US","40.77898","-73.96925","42.7","2004-09","5.4","1018","0","0","52","0","0.0","3.84","87","18","11.51",,"0.0","69.3","76.1","62.6",,,"70","70",,,,"28.0","45",,
"USW00094728","NY CITY CENTRAL PARK, NY US","40.77898","-73.96925","42.7","2004-10","6.0","1019","0","0","44","0","0.0","0.70","75","299","1.15",,"0.0","56.0","61.8","50.1",,,"280","280",,,,"19.9","29",,
"USW00094728","NY CITY CENTRAL PARK, NY US","40.77898","-73.96925","42.7","2004-11","6.7","1019","0","0","29","0","0.0","1.01","68","804","4.22",,"0.0","48.2","54.8","41.5",,,"280","110",,,,"25.9","40",,
"USW00094728","NY CITY CENTRAL PARK, NY US","40.77898","-73.96925","42.7","2004-12","7.8","1019","2","1","11","2","1.8","1.17","59","1630","3.71",,"3.1","38.4","44.3","32.4",,,"270","220",,,,"29.1","46",,
"USW00094728","NY CITY CENTRAL PARK, NY US","40.77898","-73.96925","42.7","2005-01","7.4","0","9","2","5","14","8.5","1.03","66","2674","4.67",,"15.3","31.3","37.4","25.2",,,"290","330",,,,"23.9","35",,
"USW00094728","NY CITY CENTRAL PARK, NY US","40.77898","-73.96925","42.7","2005-02","7.2","0","14","5","16","9","4.8","0.95","56","3472","3.04",,"15.8","36.5","42.6","30.5",,,"60","70",,,,"29.1","39",,
"USW00094728","NY CITY CENTRAL PARK, NY US","40.77898","-73.96925","42.7","2005-03","7.2","0","9","4","16","9","2.9","2.98","63","4264","4.96",,"6.9","39.5","46.4","32.5",,,"50","310",,,,"29.1","45",,
"USW00094728","NY CITY CENTRAL PARK, NY US","40.77898","-73.96925","42.7","2005-04","6.9","11","0","0","37","0","0.0","1.80","87","4571","4.81",,"0.0","55.1","64.6","45.7",,,"130","140",,,,"25.9","48",,
"USW00094728","NY CITY CENTRAL PARK, NY US","40.77898","-73.96925","42.7","2005-05","6.0","23","0","0","41","0","0.0","0.26","79","4771","1.48",,"0.0","58.9","67.3","50.5",,,"50","20",,,,"21.9","33",,
"USW00094728","NY CITY CENTRAL PARK, NY US","40.77898","-73.96925","42.7","2005-06","5.4","303","0","0","54","0","0.0","0.59","93","4781","3.21",,"0.0","74.0","82.2","65.8",,,"230","280",,,,"17.0","25",,
"USW00094728","NY CITY CENTRAL PARK, NY US","40.77898","-73.96925","42.7","2005-07","4.9","693","0","0","62","0","0.0","1.52","97","1","3.57",,"0.0","77.5","84.9","70.2",,,"300","310",,,,"21.0","30",,
"USW00094728","NY CITY CENTRAL PARK, NY US","40.77898","-73.96925","42.7","2005-08","4.9","1147","0","0","65","0","0.0","3.10","99","1","3.96",,"0.0","79.7","87.1","72.2",,,"50","160",,,,"19.9","33",,
"USW00094728","NY CITY CENTRAL PARK, NY US","40.77898","-73.96925","42.7","2005-09","5.4","1404","0","0","50","0","0.0","0.17","92","8","0.48",,"0.0","73.3","81.6","65.0",,,"280","210",,,,"17.9","31",,
"USW00094728","NY CITY CENTRAL PARK, NY US","40.77898","-73.96925","42.7","2005-10","6.7","1437","0","0","39","0","0.0","4.26","80","261","16.73",,"0.0","57.9","63.8","52.0",,,"50","40",,,,"25.9","40",,
"USW00094728","NY CITY CENTRAL PARK, NY US","40.77898","-73.96925","42.7","2005-11","6.9","1437","0","0","22","0","0.0","1.01","72","723","4.47",,"0.0","49.6","56.8","42.5",,,"270","290",,,,"25.1","40",,
"USW00094728","NY CITY CENTRAL PARK, NY US","40.77898","-73.96925","42.7","2005-12","7.2","1437","11","3","14","6","5.8","1.58","55","1645","4.60",,"9.7","35.3","40.4","30.1",,,"300","270",,,,"25.1","40",,
"USW00094728","NY CITY CENTRAL PARK, NY US","40.77898","-73.96925","42.7","2006-01","7.4","0","2","1","16","2","2.0","1.17","64","2392","4.99",,"2.0","40.9","47.6","34.2",,,"290","150",,,,"31.1","41",,
"USW00094728","NY CITY CENTRAL PARK, NY US","40.77898","-73.96925","42.7","2006-02","8.5","0","6","2","15","17","24.1","1.66","62","3212","2.88",,"26.9","35.7","42.4","29.1",,,"300","270",,,,"29.1","45",,
"USW00094728","NY CITY CENTRAL PARK, NY US","40.77898","-73.96925","42.7","2006-03","7.8","0","2","1","22","1","1.3","0.52","74","3892","0.80",,"1.3","43.1","50.6","35.6",,,"270","270",,,,"25.9","39",,
"USW00094728","NY CITY CENTRAL PARK, NY US","40.77898","-73.96925","42.7","2006-04","6.7","7","0","0","33","0","0.1","2.34","83","4178","5.56",,"0.1","55.7","65.3","46.1",,,"280","40",,,,"25.1","33",,
"USW00094728","NY CITY CENTRAL PARK, NY US","40.77898","-73.96925","42.7","2006-05","6.3","66","0","0","45","0","0.0","1.53","88","4297","4.63",,"0.0","63.1","71.5","54.6",,,"60","60",,,,"25.9","36",,
"USW00094728","NY CITY CENTRAL PARK, NY US","40.77898","-73.96925","42.7","2006-06","5.4","268","0","0","52","0","0.0","2.79","91","4319","8.55",,"0.0","71.0","77.7","64.3",,,"260","250",,,,"21.9","37",,
"USW00094728","NY CITY CENTRAL PARK, NY US","40.77898","-73.96925","42.7","2006-07","4.7","669","0","0","61","0","0.0","1.95","95","0","6.17",,"0.0","77.9","85.2","70.7",,,"240","250",,,,"19.9","31",,
"USW00094728","NY CITY CENTRAL PARK, NY US","40.77898","-73.96925","42.7","2006-08","3.1","1003","0","0","60","0","0.0","2.51","97","0","6.08",,"0.0","75.8","82.8","68.7",,,,,,,,,,,
"USW00094728","NY CITY CENTRAL PARK, NY US","40.77898","-73.96925","42.7","2006-09","1.8","1087","0","0","49","0","0.0","1.24","83","36","3.70",,"0.0","66.6","73.1","60.1",,,,,,,,,,,
"USW00094728","NY CITY CENTRAL PARK, NY US","40.77898","-73.96925","42.7","2006-10","5.4","1100","0","0","37","0","0.0","2.22","79","321","7.07",,"0.0","56.2","63.3","49.2",,,"270","260",,,,"23.9","46",,
"USW00094728","NY CITY CENTRAL PARK, NY US","40.77898","-73.96925","42.7","2006-11","5.1","1100","0","0","35","0","0.0","3.60","69","713","7.34",,"0.0","51.9","57.4","46.4",,,"40","170",,,,"23.9","39",,
"USW00094728","NY CITY CENTRAL PARK, NY US","40.77898","-73.96925","42.7","2006-12","6.0","1100","0","0","18","0","0.0","0.78","70","1376","2.15",,"0.0","43.6","49.5","37.7",,,"300","260",,,,"23.0","44",,
"USW00094728","NY CITY CENTRAL PARK, NY US","40.77898","-73.96925","42.7","2007-01","6.0","0","2","1","9","1","1.0","1.52","72","2229","3.64",,"2.6","37.5","43.6","31.4",,,"300","320",,,,"21.9","41",,
"USW00094728","NY CITY CENTRAL PARK, NY US","40.77898","-73.96925","42.7","2007-02","7.6","0","6","2","8","2","2.0","0.94","49","3258","1.99",,"3.8","28.3","34.5","22.0",,,"50","290",,,,"25.9","39",,
"USW00094728","NY CITY CENTRAL PARK, NY US","40.77898","-73.96925","42.7","2007-03","6.3","0","4","1","11","5","5.5","2.41","78","3964","5.36",,"6.0","42.2","50.9","33.5",,,"300","310",,,,"23.9","41",,
"USW00094728","NY CITY CENTRAL PARK, NY US","40.77898","-73.96925","42.7","2007-04","6.0","11","0","0","30","0","0.0","7.57","86","4416","13.06",,"0.0","50.3","57.9","42.7",,,"290","280",,,,"21.9","37",,
"USW00094728","NY CITY CENTRAL PARK, NY US","40.77898","-73.96925","42.7","2007-05","4.5","113","0","0","44","0","0.0","0.83","91","4511","1.88",,"0.0","65.2","75.3","55.2",,,"270","270",,,,"21.9","40",,
"USW00094728","NY CITY CENTRAL PARK, NY US","40.77898","-73.96925","42.7","2007-06","4.0","315","0","0","54","0","0.0","2.29","91","4521","6.56",,"0.0","71.4","79.6","63.2",,,"270","280",,,,"17.9","35",,
"USW00094728","NY CITY CENTRAL PARK, NY US","40.77898","-73.96925","42.7","2007-07","3.8","624","0","0","57","0","0.0","2.31","92","0","6.90",,"0.0","75.0","82.3","67.6",,,"70","80",,,,"17.0","28",,
"USW00094728","NY CITY CENTRAL PARK, NY US","40.77898","-73.96925","42.7","2007-08","3.8","918","0","0","56","0","0.0","2.50","92","14","7.18",,"0.0","74.0","81.4","66.6",,,"60","280",,,,"17.0","31",,
"USW00094728","NY CITY CENTRAL PARK, NY US","40.77898","-73.96925","42.7","2007-09","3.8","1095","0","0","50","0","0.0","1.21","88","33","1.81",,"0.0","70.3","78.0","62.5",,,"300","320",,,,"16.1","28",,
"USW00094728","NY CITY CENTRAL PARK, NY US","40.77898","-73.96925","42.7","2007-10","4.3","1179","0","0","38","0","0.0","1.48","87","161","4.66",,"0.0","63.6","70.6","56.6",,,"280","300",,,,"17.0","33",,
"USW00094728","NY CITY CENTRAL PARK, NY US","40.77898","-73.96925","42.7","2007-11","4.9","1179","0","0","26","0","0.0","1.25","66","748","3.48",,"0.0","45.4","51.6","39.3",,,"270","330",,,,"21.9","37",,
"USW00094728","NY CITY CENTRAL PARK, NY US","40.77898","-73.96925","42.7","2007-12","6.0","1179","1","2","20","1","1.4","1.02","61","1618","5.22",,"2.9","36.9","41.6","32.3",,,"70","150",,,,"25.1","47",,
"USW00094728","NY CITY CENTRAL PARK, NY US","40.77898","-73.96925","42.7","2008-01","6.3","0","0","0","12","0","0.0","1.29","64","2501","2.86",,"0.0","36.5","42.4","30.6",,,"270","280",,,,"30.0","49",,
"USW00094728","NY CITY CENTRAL PARK, NY US","40.77898","-73.96925","42.7","2008-02","7.2","0","5","2","10","5","6.0","1.94","68","3349","5.96",,"9.0","35.8","43.1","28.4",,,"290","320",,,,"28.0","41",,
"USW00094728","NY CITY CENTRAL PARK, NY US","40.77898","-73.96925","42.7","2008-03","7.8","0","0","0","27","0","0.0","1.21","63","4042","4.08",,"0.0","42.6","50.3","35.0",,,"250","240",,,,"32.0","48",,
"USW00094728","NY CITY CENTRAL PARK, NY US","40.77898","-73.96925","42.7","2008-04","6.7","9","0","0","33","0","0.0","1.18","84","4353","2.77",,"0.0","54.9","63.5","46.4",,,"50","300",,,,"23.9","37",,
"USW00094728","NY CITY CENTRAL PARK, NY US","40.77898","-73.96925","42.7","2008-05","6.5","34","0","0","44","0","0.0","1.27","83","4530","4.01",,"0.0","60.1","68.9","51.2",,,"50","330",,,,"30.0","45",,
"USW00094728","NY CITY CENTRAL PARK, NY US","40.77898","-73.96925","42.7","2008-06","4.5","304","0","0","57","0","0.0","2.01","96","4531","4.70",,"0.0","74.0","82.6","65.4",,,"280","270",,,,"29.1","45",,
"USW00094728","NY CITY CENTRAL PARK, NY US","40.77898","-73.96925","42.7","2008-07","4.7","720","0","0","66","0","0.0","1.00","96","0","2.85",,"0.0","78.4","86.2","70.6",,,"190","160",,,,"17.0","28",,
"USW00094728","NY CITY CENTRAL PARK, NY US","40.77898","-73.96925","42.7","2008-08","4.5","993","0","0","58","0","0.0","2.18","90","0","5.58",,"0.0","73.8","82.6","65.0",,,"260","280",,,,"17.0","29",,
"USW00094728","NY CITY CENTRAL PARK, NY US","40.77898","-73.96925","42.7","2008-09","5.4","1134","0","0","51","0","0.0","3.26","90","27","7.05",,"0.0","68.8","75.8","61.9",,,"60","50",,,,"23.9","36",,
"USW00094728","NY CITY CENTRAL PARK, NY US","40.77898","-73.96925","42.7","2008-10","5.6","1137","0","0","36","0","0.0","1.92","75","335","3.62",,"0.0","55.1","62.3","47.9",,,"270","140",,,,"25.1","35",,
"USW00094728","NY CITY CENTRAL PARK, NY US","40.77898","-73.96925","42.7","2008-11","6.5","1137","0","0","23","0","0.0","0.74","67","909","3.54",,"0.0","45.8","51.2","40.5",,,"60","60",,,,"25.1","33",,
"USW00094728","NY CITY CENTRAL PARK, NY US","40.77898","-73.96925","42.7","2008-12","8.1","1137","4","2","13","3","4.0","2.35","67","1743","6.62",,"6.0","38.1","44.9","31.3",,,"290","300",,,,"25.9","43",,
"USW00094728","NY CITY CENTRAL PARK, NY US","40.77898","-73.96925","42.7","2009-01","7.4","0","12","5","6","4","3.0","1.19","47","2893","2.98",,"9.0","27.9","33.4","22.4",,,"60","310",,,,"25.1","37",,
"USW00094728","NY CITY CENTRAL PARK, NY US","40.77898","-73.96925","42.7","2009-02","7.6","0","5","1","12","3","4.3","0.35","65","3684","0.93",,"4.3","36.7","44.5","28.9",,,"280","280",,,,"30.0","48",,
"USW00094728","NY CITY CENTRAL PARK, NY US","40.77898","-73.96925","42.7","2009-03","7.2","0","4","2","12","8","6.5","0.49","70","4384","1.75",,"8.3","42.4","49.7","35.1",,,"270","260",,,,"25.9","36",,
"USW00094728","NY CITY CENTRAL PARK, NY US","40.77898","-73.96925","42.7","2009-04","7.2","41","0","0","34","0","0.0","1.79","92","4740","4.69",,"0.0","54.5","62.9","46.1",,,"270","270",,,,"25.9","38",,
"USW00094728","NY CITY CENTRAL PARK, NY US","40.77898","-73.96925","42.7","2009-05",,"87","0","0","43","0","0.0","1.15","86","4864","5.17",,"0.0","62.5","70.5","54.4",,,"280","60",,,,"21.9","33",,
"USW00094728","NY CITY CENTRAL PARK, NY US","40.77898","-73.96925","42.7","2009-06","4.7","193","0","0","50","0","0.0","2.30","84","4896","10.05",,"0.0","67.5","74.5","60.5",,,"40","50",,,,"23.0","33",,
"USW00094728","NY CITY CENTRAL PARK, NY US","40.77898","-73.96925","42.7","2009-07","4.9","430","0","0","58","0","0.0","1.52","86","0","7.11",,"0.0","72.6","80.4","64.9",,,"60","220",,,,"21.0","30",,
"USW00094728","NY CITY CENTRAL PARK, NY US","40.77898","-73.96925","42.7","2009-08","4.3","762","0","0","62","0","0.0","1.05","92","0","4.23",,"0.0","75.7","82.4","68.9",,,"270","270",,,,"25.1","40",,
"USW00094728","NY CITY CENTRAL PARK, NY US","40.77898","-73.96925","42.7","2009-09","5.8","841","0","0","49","0","0.0","1.03","84","40","2.27",,"0.0","66.3","73.0","59.6",,,"60","50",,,,"28.0","38",,
"USW00094728","NY CITY CENTRAL PARK, NY US","40.77898","-73.96925","42.7","2009-10","6.0","843","0","0","37","0","0.0","1.81","74","353","5.59",,"0.0","55.0","61.1","48.8",,,"280","280",,,,"29.1","44",,
"USW00094728","NY CITY CENTRAL PARK, NY US","40.77898","-73.96925","42.7","2009-11","6.9","843","0","0","35","0","0.0","0.50","69","769","1.61",,"0.0","51.1","56.6","45.7",,,"50","60",,,,"25.9","39",,
"USW00094728","NY CITY CENTRAL PARK, NY US","40.77898","-73.96925","42.7","2009-12","8.3","843","6","3","16","10","9.1","1.48","66","1671","7.27",,"12.4","35.9","41.9","29.9",,,"290","300",,,,"29.1","40",,
"USW00094728","NY CITY CENTRAL PARK, NY US","40.77898","-73.96925","42.7","2010-01","7.6","0","0","1","13","0","1.3","1.25","57","2678","2.09",,"2.1","32.5","38.1","27.0",,,"290","290",,,,"25.9","39",,
"USW00094728","NY CITY CENTRAL PARK, NY US","40.77898","-73.96925","42.7","2010-02","8.1","0","16","4","17","21","11.5","2.00","46","3571","6.70",,"36.9","33.1","37.9","28.4",,,"60","60",,,,"29.1","40",,
"USW00094728","NY CITY CENTRAL PARK, NY US","40.77898","-73.96925","42.7","2010-03","8.1","0","3","0","29","11","0.0","3.86","74","4092","10.69",,"0.0","48.2","55.0","41.4",,,"60","60",,,,"36.9","53",,
"USW00094728","NY CITY CENTRAL PARK, NY US","40.77898","-73.96925","42.7","2010-04","6.3","21","0","0","40","0","0.0","1.60","92","4327","2.99",,"0.0","57.9","67.3","48.4",,,"270","300",,,,"21.0","36",,
"USW00094728","NY CITY CENTRAL PARK, NY US","40.77898","-73.96925","42.7","2010-05","5.6","132","0","0","41","0","0.0","1.29","92","4430","3.01",,"0.0","65.3","74.4","56.2",,,"270","280",,,,"25.1","40",,
"USW00094728","NY CITY CENTRAL PARK, NY US","40.77898","-73.96925","42.7","2010-06","4.9","425","0","0","57","0","0.0","0.89","93","4433","2.20",,"0.0","74.7","83.2","66.2",,,"230","290",,,,"21.0","33",,
"USW00094728","NY CITY CENTRAL PARK, NY US","40.77898","-73.96925","42.7","2010-07","4.7","931","0","0","61","0","0.0","0.84","103","0","2.60",,"0.0","81.3","90.1","72.6",,,"280","290",,,,"17.9","31",,
"USW00094728","NY CITY CENTRAL PARK, NY US","40.77898","-73.96925","42.7","2010-08","5.1","1316","0","0","61","0","0.0","1.69","96","0","4.14",,"0.0","77.4","85.3","69.6",,,"50","60",,,,"19.9","29",,
"USW00094728","NY CITY CENTRAL PARK, NY US","40.77898","-73.96925","42.7","2010-09","5.4","1503","0","0","54","0","0.0","1.33","96","5","3.67",,"0.0","71.1","78.7","63.4",,,"50","200",,,,"19.9","33",,
"USW00094728","NY CITY CENTRAL PARK, NY US","40.77898","-73.96925","42.7","2010-10","6.3","1513","0","0","42","0","0.0","2.46","75","228","4.91",,"0.0","58.1","65.0","51.2",,,"290","280",,,,"21.9","35",,
"USW00094728","NY CITY CENTRAL PARK, NY US","40.77898","-73.96925","42.7","2010-11","6.3","1513","0","0","34","0","0.0","1.09","65","741","2.15",,"0.0","47.9","53.6","42.2",,,"270","280",,,,"23.0","43",,
"USW00094728","NY CITY CENTRAL PARK, NY US","40.77898","-73.96925","42.7","2010-12","8.3","1513","5","2","19","20","12.2","1.38","60","1741","4.24",,"20.1","32.8","37.7","27.9",,,"290","300",,,,"30.0","43",,
"USW00094728","NY CITY CENTRAL PARK, NY US","40.77898","-73.96925","42.7","2011-01","6.5","0","31","8","6","23","12.3","1.29","53","2835","4.94",,"35.9","29.7","34.8","24.6",,,"20","20",,,,"21.9","37",,
"USW00094728","NY CITY CENTRAL PARK, NY US","40.77898","-73.96925","42.7","2011-02","7.8","0","20","2","15","18","3.2","1.32","67","3647","3.47",,"4.8","36.0","43.7","28.3",,,"290","300",,,,"31.1","47",,
"USW00094728","NY CITY CENTRAL PARK, NY US","40.77898","-73.96925","42.7","2011-03","7.6","0","1","1","20","1","1.0","2.02","77","4350","6.19",,"1.0","42.3","49.9","34.7",,,"140","140",,,,"23.0","41",,
"USW00094728","NY CITY CENTRAL PARK, NY US","40.77898","-73.96925","42.7","2011-04","7.4","11","0","0","35","0","0.0","1.45","83","4682","5.36",,"0.0","54.3","62.6","46.0",,,"60","60",,,,"32.0","40",,
"USW00094728","NY CITY CENTRAL PARK, NY US","40.77898","-73.96925","42.7","2011-05","5.6","95","0","0","46","0","0.0","2.18","89","4782","5.11",,"0.0","64.5","72.4","56.6",,,"60","70",,,,"23.0","32",,
"USW00094728","NY CITY CENTRAL PARK, NY US","40.77898","-73.96925","42.7","2011-06","4.7","317","0","0","56","0","0.0","1.82","95","4784","3.26",,"0.0","72.3","80.2","64.4",,,"70","300",,,,"21.0","33",,
"USW00094728","NY CITY CENTRAL PARK, NY US","40.77898","-73.96925","42.7","2011-07","4.3","790","0","0","63","0","0.0","1.08","104","0","3.03",,"0.0","80.3","88.9","71.6",,,"50","320",,,,"17.0","25",,
"USW00094728","NY CITY CENTRAL PARK, NY US","40.77898","-73.96925","42.7","2011-08","4.5","1108","0","0","59","0","0.0","5.81","94","0","18.95",,"0.0","75.3","82.9","67.6",,,"70","70",,,,"32.0","60",,
"USW00094728","NY CITY CENTRAL PARK, NY US","40.77898","-73.96925","42.7","2011-09","4.5","1282","0","0","51","0","0.0","3.22","86","23","9.39",,"0.0","70.0","76.2","63.8",,,"60","250",,,,"17.9","29",,
"USW00094728","NY CITY CENTRAL PARK, NY US","40.77898","-73.96925","42.7","2011-10","5.4","1298","0","1","33","0","2.9","2.00","84","285","6.09",,"2.9","57.1","63.8","50.4",,,"50","70",,,,"21.9","37",,
"USW00094728","NY CITY CENTRAL PARK, NY US","40.77898","-73.96925","42.7","2011-11","5.6","1298","0","0","36","0","0.0","1.16","70","678","3.05",,"0.0","51.9","58.5","45.2",,,"40","310",,,,"21.0","31",,
"USW00094728","NY CITY CENTRAL PARK, NY US","40.77898","-73.96925","42.7","2011-12","5.8","1298","0","0","22","0","0.0","1.68","62","1351","4.01",,"0.0","43.3","49.7","36.9",,,"270","300",,,,"23.9","39",,
"USW00094728","NY CITY CENTRAL PARK, NY US","40.77898","-73.96925","42.7","2012-01",,"0","3","1","13","3","4.3","1.38","62","2209","3.23",,"4.3","37.3","44.2","30.4",,,"50","70",,,,"30.0","40",,
"USW00094728","NY CITY CENTRAL PARK, NY US","40.77898","-73.96925","42.7","2012-02","6.7","0","0","0","20","0","0.2","0.60","62","2908","1.37",,"0.2","40.9","46.8","34.9",,,"260","280",,,,"23.0","41",,
"USW00094728","NY CITY CENTRAL PARK, NY US","40.77898","-73.96925","42.7","2012-03","5.8","4","0","0","25","0","0.0","0.26","78","3348","0.96",,"0.0","50.9","59.2","42.7",,,"300","300",,,,"23.0","43",,
"USW00094728","NY CITY CENTRAL PARK, NY US","40.77898","-73.96925","42.7","2012-04","5.6","22","0","0","38","0","0.0","2.45","88","3674","3.56",,"0.0","54.8","63.6","45.9",,,"50","280",,,,"23.0","41",,
"USW00094728","NY CITY CENTRAL PARK, NY US","40.77898","-73.96925","42.7","2012-05","3.8","108","0","0","49","0","0.0","1.40","89","3756","5.37",,"0.0","65.1","72.0","58.2",,,"70","280",,,,"17.0","30",,
"USW00094728","NY CITY CENTRAL PARK, NY US","40.77898","-73.96925","42.7","2012-06","4.5","304","0","0","51","0","0.0","1.02","94","3773","2.98",,"0.0","71.0","79.0","63.0",,,"290","280",,,,"17.0","32",,
"USW00094728","NY CITY CENTRAL PARK, NY US","40.77898","-73.96925","42.7","2012-07","4.0","731","0","0","61","0","0.0","1.76","100","0","4.21",,"0.0","78.8","87.3","70.2",,,"310","290",,,,"21.0","35",,
"USW00094728","NY CITY CENTRAL PARK, NY US","40.77898","-73.96925","42.7","2012-08","3.4","1094","0","0","61","0","0.0","0.64","91","0","2.92",,"0.0","76.7","84.2","69.2",,,"260","270",,,,"17.0","27",,
"USW00094728","NY CITY CENTRAL PARK, NY US","40.77898","-73.96925","42.7","2012-09","4.0","1233","0","0","53","0","0.0","1.96","91","25","4.39",,"0.0","68.8","75.9","61.7",,,"250","180",,,,"21.9","35",,
"USW00094728","NY CITY CENTRAL PARK, NY US","40.77898","-73.96925","42.7","2012-10","4.9","1247","0","0","38","0","0.0","0.89","78","254","2.93",,"0.0","58.0","63.7","52.4",,,"50","50",,,,"38.0","62",,
"USW00094728","NY CITY CENTRAL PARK, NY US","40.77898","-73.96925","42.7","2012-11","5.8","1247","1","1","31","4","4.3","1.12","66","888","1.81",,"4.7","43.9","49.7","38.0",,,"20","290",,,,"21.9","34",,
"USW00094728","NY CITY CENTRAL PARK, NY US","40.77898","-73.96925","42.7","2012-12","6.5","1247","0","0","28","0","0.4","0.99","62","1617","4.80",,"0.4","41.5","46.3","36.6",,,"70","70",,,,"30.0","45",,
"USW00094728","NY CITY CENTRAL PARK, NY US","40.77898","-73.96925","42.7","2013-01","6.5","0","3","1","11","2","1.5","0.90","61","2545","2.76",,"1.5","35.1","40.8","29.3",,,"280","290",,,,"25.9","44",,
"USW00094728","NY CITY CENTRAL PARK, NY US","40.77898","-73.96925","42.7","2013-02","7.2","0","4","2","17","11","6.3","1.56","55","3415","4.25",,"12.2","33.9","39.4","28.5",,,"310","320",,,,"25.1","40",,
"USW00094728","NY CITY CENTRAL PARK, NY US","40.77898","-73.96925","42.7","2013-03","7.4","0","3","2","27","2","4.0","0.79","59","4186","2.89",,"7.3","40.1","46.3","34.0",,,"60","50",,,,"30.0","46",,
"USW00094728","NY CITY CENTRAL PARK, NY US","40.77898","-73.96925","42.7","2013-04","6.3","2","0","0","33","0","0.0","0.63","82","4547","1.31",,"0.0","53.0","61.3","44.7",,,"70","100",,,,"23.0","34",,
"USW00094728","NY CITY CENTRAL PARK, NY US","40.77898","-73.96925","42.7","2013-05","4.9","76","0","0","42","0","0.0","3.02","90","4690","8.00",,"0.0","62.8","71.2","54.4",,,"170","300",,,,"21.9","33",,
"USW00094728","NY CITY CENTRAL PARK, NY US","40.77898","-73.96925","42.7","2013-06","4.5","316","0","0","53","0","0.0","4.16","92","4700","10.11",,"0.0","72.7","80.3","65.0",,,"70","80",,,,"19.9","32",,
"USW00094728","NY CITY CENTRAL PARK, NY US","40.77898","-73.96925","42.7","2013-07","4.5","775","0","0","64","0","0.0","0.84","98","0","2.84",,"0.0","79.8","86.3","73.3",,,"70","70",,,,"18.1","27",,
"USW00094728","NY CITY CENTRAL PARK, NY US","40.77898","-73.96925","42.7","2013-08","3.8","1073","0","0","59","0","0.0","0.85","90","0","2.85",,"0.0","74.6","81.6","67.7",,,"250","310",,,,"16.1","28",,
"USW00094728","NY CITY CENTRAL PARK, NY US","40.77898","-73.96925","42.7","2013-09","4.0","1200","0","0","47","0","0.0","1.60","96","41","2.95",,"0.0","67.9","76.4","59.4",,,"60","180",,,,"17.0","28",,
"USW00094728","NY CITY CENTRAL PARK, NY US","40.77898","-73.96925","42.7","2013-10","5.1","1244","0","0","40","0","0.0","0.25","86","234","0.36",,"0.0","60.2","66.9","53.5",,,"60","70",,,,"21.0","29",,
"USW00094728","NY CITY CENTRAL PARK, NY US","40.77898","-73.96925","42.7","2013-11","6.3","1244","0","0","23","0","0.0","1.98","70","825","3.16",,"0.0","45.3","52.1","38.5",,,"310","260",,,,"25.1","44",,
"USW00094728","NY CITY CENTRAL PARK, NY US","40.77898","-73.96925","42.7","2013-12","5.8","1246","7","3","19","4","5.0","1.20","71","1644","4.85",,"8.6","38.6","44.5","32.8",,,"70","300",,,,"21.9","35",,
"USW00094728","NY CITY CENTRAL PARK, NY US","40.77898","-73.96925","42.7","2014-01","6.7","0","14","4","4","11","11.0","0.50","58","2770","2.80",,"19.7","28.7","35.5","21.9",,,"280","270",,,,"23.0","38",,
"USW00094728","NY CITY CENTRAL PARK, NY US","40.77898","-73.96925","42.7","2014-02","6.3","0","28","7","9","18","9.5","1.78","56","3702","5.48",,"29.0","31.7","37.5","25.9",,,"60","290",,,,"25.1","39",,
"USW00094728","NY CITY CENTRAL PARK, NY US","40.77898","-73.96925","42.7","2014-03","7.2","0","10","0","13","6","0.1","1.81","66","4548","3.67",,"0.1","37.7","45.5","29.9",,,"70","320",,,,"23.0","40",,
"USW00094728","NY CITY CENTRAL PARK, NY US","40.77898","-73.96925","42.7","2014-04","6.3","3","0","0","31","0","0.0","4.97","77","4931","7.85",,"0.0","52.3","61.2","43.4",,,"310","300",,,,"21.0","36",,
"USW00094728","NY CITY CENTRAL PARK, NY US","40.77898","-73.96925","42.7","2014-05","4.5","51","0","0","49","0","0.0","1.54","86","5010","4.37",,"0.0","64.0","72.5","55.5",,,"280","290",,,,"21.0","34",,
"USW00094728","NY CITY CENTRAL PARK, NY US","40.77898","-73.96925","42.7","2014-06","4.0","275","0","0","55","0","0.0","1.60","89","5010","4.26",,"0.0","72.4","80.4","64.5",,,"80","290",,,,"16.1","26",,
"USW00094728","NY CITY CENTRAL PARK, NY US","40.77898","-73.96925","42.7","2014-07","4.3","620","0","0","63","0","0.0","1.78","91","0","5.59",,"0.0","76.1","83.5","68.8",,,"250","260",,,,"17.0","33",,
"USW00094728","NY CITY CENTRAL PARK, NY US","40.77898","-73.96925","42.7","2014-08","3.8","915","0","0","61","0","0.0","0.62","90","0","2.25",,"0.0","74.5","82.5","66.6",,,"60","260",,,,"17.0","30",,
"USW00094728","NY CITY CENTRAL PARK, NY US","40.77898","-73.96925","42.7","2014-09","4.3","1081","0","0","52","0","0.0","0.37","92","24","1.21",,"0.0","69.7","77.3","62.2",,,"70","260",,,,"16.1","35",,
"USW00094728","NY CITY CENTRAL PARK, NY US","40.77898","-73.96925","42.7","2014-10","5.1","1100","0","0","42","0","0.0","1.51","77","209","5.78",,"0.0","59.6","65.9","53.4",,,"310","310",,,,"18.1","32",,
"USW00094728","NY CITY CENTRAL PARK, NY US","40.77898","-73.96925","42.7","2014-11","5.4","1100","0","0","22","0","0.2","1.54","69","799","4.51",,"0.2","45.3","51.6","39.0",,,"280","20",,,,"21.9","36",,
"USW00094728","NY CITY CENTRAL PARK, NY US","40.77898","-73.96925","42.7","2014-12","6.7","1100","1","1","24","1","1.0","2.54","65","1557","6.04",,"1.0","40.5","45.1","36.0",,,"30","10",,,,"25.1","40",,
"USW00094728","NY CITY CENTRAL PARK, NY US","40.77898","-73.96925","42.7","2015-01","7.4","0","11","6","8","8","5.5","2.10","56","2644","5.22",,"16.9","29.9","36.1","23.8",,,"280","260",,,,"29.1","46",,
"USW00094728","NY CITY CENTRAL PARK, NY US","40.77898","-73.96925","42.7","2015-02","7.2","0","28","4","2","13","5.0","1.02","43","3790","2.04",,"13.6","24.1","32.1","16.0",,,"300","310",,,,"23.0","42",,
"USW00094728","NY CITY CENTRAL PARK, NY US","40.77898","-73.96925","42.7","2015-03","6.0","0","15","4","12","19","7.5","0.81","62","4623","4.73",,"18.6","38.1","45.2","31.0",,,"290","280",,,,"23.9","44",,
"USW00094728","NY CITY CENTRAL PARK, NY US","40.77898","-73.96925","42.7","2015-04","6.5","4","0","0","32","0","0.0","1.37","80","4949","2.08",,"0.0","54.3","62.6","45.9",,,"310","310",,,,"23.9","41",,
"USW00094728","NY CITY CENTRAL PARK, NY US","40.77898","-73.96925","42.7","2015-05","4.3","153","0","0","48","0","0.0","1.46","88","4989","1.86",,"0.0","68.5","78.4","58.6",,,"80","280",,,,"19.9","29",,
"USW00094728","NY CITY CENTRAL PARK, NY US","40.77898","-73.96925","42.7","2015-06","4.7","375","0","0","50","0","0.0","1.12","90","5025","4.79",,"0.0","71.2","78.5","63.9",,,"60","310",,,,"18.1","29",,
"USW00094728","NY CITY CENTRAL PARK, NY US","40.77898","-73.96925","42.7","2015-07","3.6","803","0","0","64","0","0.0","1.95","96","0","3.97",,"0.0","78.8","85.9","71.7",,,"10","270",,,,"19.9","31",,
"USW00094728","NY CITY CENTRAL PARK, NY US","40.77898","-73.96925","42.7","2015-08","3.8","1236","0","0","63","0","0.0","1.17","95","0","2.35",,"0.0","79.0","86.9","71.0",,,"290","290",,,,"23.0","37",,
"USW00094728","NY CITY CENTRAL PARK, NY US","40.77898","-73.96925","42.7","2015-09","4.5","1521","0","0","56","0","0.0","1.58","97","1","3.28",,"0.0","74.4","82.6","66.3",,,"60","20",,,,"18.1","27",,
"USW00094728","NY CITY CENTRAL PARK, NY US","40.77898","-73.96925","42.7","2015-10","5.1","1532","0","0","35","0","0.0","1.40","78","228","3.91",,"0.0","58.0","65.4","50.7",,,"60","60",,,,"23.0","32",,
"USW00094728","NY CITY CENTRAL PARK, NY US","40.77898","-73.96925","42.7","2015-11","4.9","1537","0","0","32","0","0.0","1.25","74","600","2.02",,"0.0","52.8","59.3","46.3",,,"70","280",,,,"23.0","37",,
"USW00094728","NY CITY CENTRAL PARK, NY US","40.77898","-73.96925","42.7","2015-12","5.1","1539","0","0","34","0","0.0","1.55","72","1043","4.72",,"0.0","50.8","56.3","45.3",,,"290","310",,,,"21.0","34",,
"USW00094728","NY CITY CENTRAL PARK, NY US","40.77898","-73.96925","42.7","2016-01","6.9","0","9","1","11","22","27.3","2.31","59","1988","4.41",,"27.9","34.5","40.8","28.2",,,"30","40",,,,"25.1","43",,
"USW00094728","NY CITY CENTRAL PARK, NY US","40.77898","-73.96925","42.7","2016-02","7.4","0","2","2","-1","2","2.5","1.22","61","2777","4.41",,"4.1","37.8","44.9","30.7",,,"70","170",,,,"23.9","40",,
"USW00094728","NY CITY CENTRAL PARK, NY US","40.77898","-73.96925","42.7","2016-03","6.7","6","0","0","26","0","0.5","0.38","79","3283","1.17",,"0.9","48.9","57.4","40.4",,,"70","270",,,,"28.0","45",,
"USW00094728","NY CITY CENTRAL PARK, NY US","40.77898","-73.96925","42.7","2016-04","6.0","18","0","0","26","0","0.0","0.47","82","3645","1.62",,"0.0","53.3","62.2","44.4",,,"280","280",,,,"25.1","45",,
"USW00094728","NY CITY CENTRAL PARK, NY US","40.77898","-73.96925","42.7","2016-05",,"115","0","0","43","0","0.0","1.65","92","3811","3.76",,"0.0","62.8","70.6","55.0",,,,,,,,,,,
"USW00094728","NY CITY CENTRAL PARK, NY US","40.77898","-73.96925","42.7","2016-06","4.3","341","0","0","52","0","0.0","0.91","88","3819","2.60",,"0.0","72.2","80.9","63.6",,,"290","270",,,,"21.0","38",,
"USW00094728","NY CITY CENTRAL PARK, NY US","40.77898","-73.96925","42.7","2016-07","4.0","765","0","0","63","0","0.0","1.09","96","0","7.02",,"0.0","78.7","86.3","71.1",,,"280","290",,,,"19.9","36",,
"USW00094728","NY CITY CENTRAL PARK, NY US","40.77898","-73.96925","42.7","2016-08","3.8","1205","0","0","61","0","0.0","0.82","96","0","1.98",,"0.0","79.2","86.6","71.8",,,"240","250",,,,"17.0","33",,
"USW00094728","NY CITY CENTRAL PARK, NY US","40.77898","-73.96925","42.7","2016-09","4.9","1428","0","0","54","0","0.0","0.68","91","19","2.80",,"0.0","71.8","79.0","64.6",,,"70","90",,,,"21.0","31",,
"USW00094728","NY CITY CENTRAL PARK, NY US","40.77898","-73.96925","42.7","2016-10","4.7","1457","0","0","38","0","0.0","1.41","85","241","4.15",,"0.0","58.8","65.8","51.7",,,"290","20",,,,"21.9","37",,
"USW00094728","NY CITY CENTRAL PARK, NY US","40.77898","-73.96925","42.7","2016-11","5.1","1457","0","0","34","0","0.0","2.20","72","699","5.41",,"0.0","49.8","56.6","42.9",,,"280","290",,,,"25.1","39",,
"USW00094728","NY CITY CENTRAL PARK, NY US","40.77898","-73.96925","42.7","2016-12","6.0","1457","2","1","17","2","2.8","0.73","60","1524","2.89",,"3.2","38.4","43.9","32.9",,,"310","290",,,,"25.1","40",,
"USW00094728","NY CITY CENTRAL PARK, NY US","40.77898","-73.96925","42.7","2017-01","6.7","0","5","3","14","4","5.1","1.18","66","2359","4.83",,"7.9","38.0","42.8","33.3",,,"70","40",,,,"33.1","47",,
"USW00094728","NY CITY CENTRAL PARK, NY US","40.77898","-73.96925","42.7","2017-02","6.7","0","6","1","19","8","9.4","1.16","70","3013","2.48",,"9.4","41.7","48.7","34.6",,,"310","310",,,,"28.0","48",,
"USW00094728","NY CITY CENTRAL PARK, NY US","40.77898","-73.96925","42.7","2017-03","7.4","0","7","2","14","6","7.6","1.97","70","3811","5.25",,"9.7","39.2","46.8","31.7",,,"60","290",,,,"28.0","47",,
"USW00094728","NY CITY CENTRAL PARK, NY US","40.77898","-73.96925","42.7","2017-04","5.8","32","0","0","37","0","0.0","1.18","87","4079","3.84",,"0.0","57.1","64.9","49.4",,,"70","60",,,,"25.9","39",,
"USW00094728","NY CITY CENTRAL PARK, NY US","40.77898","-73.96925","42.7","2017-05","5.1","84","0","0","44","0","0.0","3.02","92","4253","6.38",,"0.0","61.1","68.2","54.0",,,"270","310",,,,"19.9","34",,
"USW00094728","NY CITY CENTRAL PARK, NY US","40.77898","-73.96925","42.7","2017-06","4.3","318","0","0","51","0","0.0","1.39","94","4277","4.77",,"0.0","72.0","79.3","64.7",,,"290","290",,,,"17.0","34",,
"USW00094728","NY CITY CENTRAL PARK, NY US","40.77898","-73.96925","42.7","2017-07","3.8","683","0","0","62","0","0.0","1.78","94","0","4.19",,"0.0","76.8","83.7","69.8",,,"60","320",,,,"17.0","28",,
"USW00094728","NY CITY CENTRAL PARK, NY US","40.77898","-73.96925","42.7","2017-08","3.4","964","0","0","60","0","0.0","0.88","92","0","3.34",,"0.0","74.0","80.9","67.2",,,"80","90",,,,"16.1","25",,
"USW00094728","NY CITY CENTRAL PARK, NY US","40.77898","-73.96925","42.7","2017-09","4.3","1149","0","0","54","0","0.0","0.74","91","19","2.00",,"0.0","70.5","77.8","63.3",,,"60","50",,,,"21.0","29",,
"USW00094728","NY CITY CENTRAL PARK, NY US","40.77898","-73.96925","42.7","2017-10","4.5","1225","0","0","42","0","0.0","3.03","83","122","4.19",,"0.0","64.1","71.2","57.0",,,"280","260",,,,"19.9","36",,
"USW00094728","NY CITY CENTRAL PARK, NY US","40.77898","-73.96925","42.7","2017-11","5.1","1225","0","0","24","0","0.0","0.70","74","673","1.58",,"0.0","46.6","54.1","39.2",,,"290","290",,,,"19.9","39",,
"USW00094728","NY CITY CENTRAL PARK, NY US","40.77898","-73.96925","42.7","2017-12","6.0","1225","6","3","9","4","4.6","0.75","61","1600","2.21",,"7.7","35.1","40.0","30.1",,,"290","290",,,,"23.9","40",,
"USW00094728","NY CITY CENTRAL PARK, NY US","40.77898","-73.96925","42.7","2018-01","6.9","0","8","1","5","7","9.8","0.76","61","2630","2.18",,"11.2","31.8","38.7","24.9",,,"310","310",,,,"23.9","43",,
